,u,v,w
2013-07-30 15:40:22,0.12653857584364284,1.510864475534015,0.0167252324758687
2013-07-30 15:55:22,0.15152108104339215,1.573853109512046,0.012972490385827908
2013-07-30 16:10:22,0.15807852387156665,1.68738158756556,0.016806884182457137
2013-07-30 16:25:22,0.146820118945489,1.6909811009357762,0.019480333470749317
2013-07-30 16:40:22,0.15849493581956028,1.824953727840418,0.010624186025065256
2013-07-30 16:55:22,0.1531478550475637,1.8216013890967906,0.014317161372582508
2013-07-30 17:10:22,0.17329921139075583,1.8441522490612008,0.010266944238542583
2013-07-30 17:25:22,0.14904608716131948,1.811163649483233,0.016327592765323005
2013-07-30 17:40:22,0.138599664885825,1.8380100759961646,0.020778265953715475
2013-07-30 17:55:22,0.1388969292963552,1.7834886261479075,0.017735744750166635
2013-07-30 18:10:22,0.13647583837932944,1.7972297739376506,0.01872431637618117
2013-07-30 18:25:22,0.13433080316423504,1.6432756852147317,0.020114418271235925
2013-07-30 18:40:22,0.10988080350565678,1.591315227193191,0.012847057918851473
2013-07-30 18:55:22,0.12576855852980004,1.5372908542690251,0.009181737393715497
2013-07-30 19:10:22,0.09725056184152149,1.4731795228053461,0.01243231619995717
2013-07-30 19:25:22,0.09222890295861653,1.2830013614798732,0.007905910179339988
2013-07-30 19:40:22,0.08259444383724512,1.1689492756555924,0.0006355127152180015
2013-07-30 19:55:21,0.11610722252050389,1.0027057868477918,-0.0029762228479753203
2013-07-30 20:10:21,0.0890553344399586,0.831407474060643,-0.0017237818992876456
2013-07-30 20:25:21,0.039967737232363174,0.6234064126135967,-0.004046856340608825
2013-07-30 20:40:21,0.025541200261630804,0.25928904319547313,-0.010374939216296815
2013-07-30 20:55:21,-0.012834906589030484,-0.10278339035641423,-0.0013951692177238757
2013-07-30 21:10:21,-0.09767521191793314,-0.5631222345086313,0.0066477813287104835
2013-07-30 21:25:21,-0.012921300619835863,-0.8754625822509542,0.005468958863532477
2013-07-30 21:40:21,-0.16239097572712272,-1.3131058872211723,-0.012949516424374564
2013-07-30 21:55:21,-0.1907297859645579,-1.5595865230750192,-0.031196499866828323
2013-07-30 22:10:21,-0.1901348256271024,-1.7025192111655696,-0.042926113335792854
2013-07-30 22:25:21,-0.18983890195450442,-1.726406028645854,-0.04008326569820407
2013-07-30 22:40:21,-0.19033028578473457,-1.7020953666280363,-0.030696815264489523
2013-07-30 22:55:21,-0.14766281753357405,-1.7433659017234218,-0.02486218657199093
2013-07-30 23:10:21,-0.18047299629375507,-1.81683729485609,-0.04011476593031291
2013-07-30 23:25:21,-0.13813554475303308,-1.829219316200751,-0.033892093778381344
2013-07-30 23:40:21,-0.13971916120881975,-1.7889062607131647,-0.033933061722087675
2013-07-30 23:55:21,-0.1427286163673285,-1.7830839595501016,-0.05336254723407499
2013-07-31 00:10:21,-0.19015613222026514,-1.763642923264375,-0.0567544892084189
2013-07-31 00:25:21,-0.15113667050044222,-1.6907502770027558,-0.04273320840652355
2013-07-31 00:40:21,-0.10302053495141536,-1.549203217226023,-0.03789784554752873
2013-07-31 00:55:21,-0.08639365423088027,-1.479050187136864,-0.04393818968367526
2013-07-31 01:10:21,-0.09219734000134149,-1.4162063974517483,-0.027130719534099793
2013-07-31 01:25:21,-0.10263823705818222,-1.3623115907928707,-0.03832517919563778
2013-07-31 01:40:21,-0.08527468632503483,-1.2309978449346364,-0.031474373930257496
2013-07-31 01:55:21,-0.053341229543826335,-1.0578003429043732,-0.02852092057189524
2013-07-31 02:10:21,-0.025581729537075965,-0.8889602027156865,-0.024668790545870404
2013-07-31 02:25:21,-0.008707542369622324,-0.6485580240602488,-0.025824503641627347
2013-07-31 02:40:21,0.010630560430583998,-0.40292283604343754,-0.021381994714876
2013-07-31 02:55:21,-0.10310055239514959,-0.08585234295274964,0.006326486977334902
2013-07-31 03:10:21,0.040216832450556496,0.36073657735587533,0.002555990066805582
2013-07-31 03:25:21,0.020342697105062715,0.6557607707379851,0.01499980437568284
2013-07-31 03:40:21,0.0999721530056058,1.0679172204607352,0.02204653366374087
2013-07-31 03:55:21,0.15097686958523132,1.262677338407337,0.016321275271444145
2013-07-31 04:10:22,0.15345812709312423,1.4840113809866957,0.016508433064236563
2013-07-31 04:25:21,0.1579768700440758,1.5478767890966252,0.020958180731546077
2013-07-31 04:40:22,0.17194680697879539,1.5979675731298861,0.022860892440172458
2013-07-31 04:55:22,0.15372685182374543,1.6989620517326327,0.01771887562182197
2013-07-31 05:10:21,0.1746455587198302,1.6683062995816198,0.021703288495078982
2013-07-31 05:25:22,0.159002637186778,1.7687139571554895,0.008993585303909752
2013-07-31 05:40:22,0.16890427506005232,1.7946343520580774,0.007603800316519993
2013-07-31 05:55:22,0.16703975123333042,1.7962661469990704,0.015845370408750017
2013-07-31 06:10:22,0.1480085936597745,1.7833346021637861,0.013383835023702825
2013-07-31 06:25:22,0.17996060717032009,1.706583272762887,0.007247240768982505
2013-07-31 06:40:22,0.16294120476468088,1.6713368958381583,0.023508958271967532
2013-07-31 06:55:21,0.15896000327837373,1.5851680213991146,0.019460946776211328
2013-07-31 07:10:22,0.10708086150032826,1.6456004427813355,0.003132915513230191
2013-07-31 07:25:22,0.13851799965217634,1.5102818798984112,0.0172224030250651
2013-07-31 07:40:21,0.09912566131752924,1.4397687334844955,0.008097411531390767
2013-07-31 07:55:21,0.11890702877736403,1.2658880027856299,0.01543946352010796
2013-07-31 08:10:21,0.10815677206953428,1.1085377244685033,0.008350280926120716
2013-07-31 08:25:21,0.10749248204037538,0.9462883691063539,0.007217763091732237
2013-07-31 08:40:21,0.046232768241237926,0.8530286110367818,0.004521524163738015
2013-07-31 08:55:21,0.025094421775353922,0.6221293210619738,-0.009012765273635608
2013-07-31 09:10:21,0.08242047770748308,0.30559615028267756,0.0015671658387648594
2013-07-31 09:25:21,0.054543883148118165,-0.011690100768894587,-0.009506985547807873
2013-07-31 09:40:21,-0.06777482066506824,-0.45424644408471815,-0.0015803372815426282
2013-07-31 09:55:21,-0.005970524860503516,-0.8035743518657652,-0.03017104335613386
2013-07-31 10:10:21,-0.241015369149522,-1.217940798984001,-0.03390111397159245
2013-07-31 10:25:21,-0.19584239199519377,-1.477839933225825,-0.046939416432677086
2013-07-31 10:40:21,-0.19195171257072602,-1.6764541027745603,-0.039939723756260405
2013-07-31 10:55:21,-0.20314305047027795,-1.693267446341299,-0.04095801733783472
2013-07-31 11:10:21,-0.20220894881865797,-1.6693169197246116,-0.03686352263793129
2013-07-31 11:25:21,-0.15230788883796345,-1.692973236557584,-0.030780653148702965
2013-07-31 11:40:21,-0.21163117454465802,-1.7196294410702717,-0.02970220813721645
2013-07-31 11:55:21,-0.15799680742633246,-1.7763536292440507,-0.04999733471570487
2013-07-31 12:10:21,-0.15530454459595905,-1.7396827270744493,-0.04213418785130723
2013-07-31 12:25:21,-0.08577510173413827,-1.6775701202346938,-0.04657919243874222
2013-07-31 12:40:21,-0.1532313275673484,-1.6675680999385893,-0.04293101894350322
2013-07-31 12:55:21,-0.1498387053632501,-1.6221882643851486,-0.053284624664711844
2013-07-31 13:10:21,-0.11716057016975051,-1.4918494252204642,-0.04595725302620451
2013-07-31 13:25:21,-0.09808500325732311,-1.4056333620469184,-0.04151372031829224
2013-07-31 13:40:21,-0.0799906142813703,-1.321497153975983,-0.03663260829581912
2013-07-31 13:55:21,-0.036033306140678914,-1.210414622451187,-0.027803634487805904
2013-07-31 14:10:21,-0.057772703016596205,-1.113710186754701,-0.0285756313543613
2013-07-31 14:25:21,-0.01058514032309458,-0.9927959423754011,-0.0289009180296522
2013-07-31 14:40:21,0.010554407864888257,-0.8170783128790359,-0.02126096424693723
2013-07-31 14:55:21,0.05693501914696085,-0.6056259664910816,-0.01758785762447379
2013-07-31 15:10:21,0.0704605600769391,-0.4145228192904216,-0.02723013604398304
2013-07-31 15:25:21,-0.052008135888972656,-0.09518507164219543,0.013884519814849177
2013-07-31 15:40:21,-0.028997615903715485,0.2641429284453402,0.004007355891925473
2013-07-31 15:55:21,0.049710469425004594,0.7347356072718308,0.00605064155265981
2013-07-31 16:10:22,0.0675524853279283,1.1089173240326546,0.023878869961875403
2013-07-31 16:25:22,0.10365137606983282,1.2690476168547413,0.03881614495587171
2013-07-31 16:40:22,0.11494689804974527,1.4252560325146384,0.03130016558537646
2013-07-31 16:55:22,0.14249519940325686,1.488612479833847,0.0380712632709068
2013-07-31 17:10:22,0.15889226866190465,1.6160718241820788,0.02500152072828587
2013-07-31 17:25:22,0.16399144536071972,1.669244990623012,0.023145527308899808
2013-07-31 17:40:22,0.17543175528011878,1.736396691787274,0.02373590660122147
2013-07-31 17:55:22,0.17687778522222403,1.7565249033242127,0.02670417686908131
2013-07-31 18:10:22,0.18123449572305397,1.7710136599046309,0.020781163916797924
2013-07-31 18:25:22,0.13940338672037714,1.773442522384382,0.023763714463317574
2013-07-31 18:40:22,0.1601643493848999,1.7090358893193471,0.031769416943293195
2013-07-31 18:55:22,0.17466337495148532,1.6682545015882393,0.036351016964849076
2013-07-31 19:10:22,0.1693113037665528,1.661582371732924,0.030977325135053652
2013-07-31 19:25:22,0.16728098075941095,1.6514177527369533,0.01128413246176992
2013-07-31 19:40:22,0.1527068016704062,1.5669662154228177,0.012255903413483897
2013-07-31 19:55:22,0.14041132958852146,1.45129710389182,0.018251994748929763
2013-07-31 20:10:22,0.12894650860621332,1.3830342295621845,0.0024388144945650726
2013-07-31 20:25:22,0.07984466250276531,1.2979440480923572,-0.016161889208697888
2013-07-31 20:40:22,0.07637909924223919,1.1555662635829267,-0.011571210677880172
2013-07-31 20:55:22,0.11465085238356114,0.9773858919464204,-0.007799966751118996
2013-07-31 21:10:22,0.036215433715038645,0.7618410509508706,-0.009769654236352102
2013-07-31 21:25:21,0.08704483252245257,0.5061677217531136,-0.014783005405644097
2013-07-31 21:40:22,0.04348697960520399,0.18575414217777145,0.008400695890787718
2013-07-31 21:55:21,-0.008912032105118746,-0.2313095038854519,-0.002541851198255092
2013-07-31 22:10:21,-0.10351419251538947,-0.6332394563601191,-0.0015868802170378963
2013-07-31 22:25:21,-0.15114480798771485,-0.9637828111106985,-0.056306153166348676
2013-07-31 22:40:21,-0.21010658789801626,-1.3151588695047634,-0.02148878979736381
2013-07-31 22:55:21,-0.21400928066851918,-1.5639196786479295,-0.03694137968328009
2013-07-31 23:10:21,-0.21450797897305482,-1.6979999568382511,-0.05646008641082215
2013-07-31 23:25:21,-0.18902253937900018,-1.7229137932805823,-0.06100467996700371
2013-07-31 23:40:21,-0.18972322485206436,-1.7109608586349025,-0.054597317952416555
2013-07-31 23:55:21,-0.18150354583006756,-1.7312213393080633,-0.04348494036905537
2013-08-01 00:10:21,-0.1393632920533791,-1.8287927055571855,-0.07127963874835194
2013-08-01 00:25:21,-0.1706907779280056,-1.8658486247138737,-0.057804951405628295
2013-08-01 00:40:21,-0.14849663194732401,-1.8327649069775633,-0.05000218477561713
2013-08-01 00:55:21,-0.1454478162785938,-1.7287586746932677,-0.02936159028457922
2013-08-01 01:10:21,-0.09388171586662815,-1.7157602251972917,-0.045877930207990775
2013-08-01 01:25:21,-0.14967889915326144,-1.6682558657014896,-0.03632972808182825
2013-08-01 01:40:21,-0.16249982180013964,-1.5553940769268264,-0.04035361906734841
2013-08-01 01:55:21,-0.048089524737319346,-1.391081217886691,-0.014530816103489804
2013-08-01 02:10:21,-0.11365860157239036,-1.323688008938095,-0.029255981109182663
2013-08-01 02:25:21,-0.055664854951529036,-1.2575727054777197,-0.034281370535050947
2013-08-01 02:40:21,-0.09764441435061864,-1.1708632761787479,-0.035034692579416105
2013-08-01 02:55:21,-0.0631019997020963,-1.0423736419867866,-0.023045119947552577
2013-08-01 03:10:21,-0.046888918065653346,-0.828789844507474,-0.018150363799645162
2013-08-01 03:25:21,-0.0380030222059366,-0.6338740594241683,-0.017273652161063375
2013-08-01 03:40:21,0.01581314625902837,-0.4493068432862345,-0.02300686740792795
2013-08-01 03:55:21,-0.06029197950338201,-0.14582935097339314,-0.0006027283330615282
2013-08-01 04:10:21,-0.01629706777051467,0.2521191425894612,-0.0043892158296580394
2013-08-01 04:25:21,0.1795046887293934,0.751339167190001,0.01562464310188052
2013-08-01 04:40:21,0.09712639562267263,1.0060932153257567,0.01565140655173003
2013-08-01 04:55:21,0.12543335265669356,1.275013018318749,0.021133556896178053
2013-08-01 05:10:22,0.1451530634861308,1.4781924618365019,0.025242480606573473
2013-08-01 05:25:21,0.14595126616135742,1.535212839764361,0.02333134671867152
2013-08-01 05:40:22,0.15078184940597586,1.6433634924721685,0.01893773507089688
2013-08-01 05:55:22,0.14975575869078206,1.6763873331937067,0.018576187147757443
2013-08-01 06:10:22,0.16819052834099088,1.7255860431180348,0.024807901645391064
2013-08-01 06:25:22,0.17005022333090955,1.7579448706319711,0.020404546453631368
2013-08-01 06:40:22,0.15718538280178737,1.7600992459128626,0.024076645240007705
2013-08-01 06:55:22,0.16917778436559874,1.7465264230022415,0.031023838091630555
2013-08-01 07:10:22,0.17990804854371625,1.7443807202570327,0.017886486778346564
2013-08-01 07:25:22,0.16821511144763027,1.7256891461854962,0.02028700355925576
2013-08-01 07:40:22,0.14367152402607838,1.7325316157012964,0.02114091087245488
2013-08-01 07:55:22,0.1538562583889165,1.6177148704061295,0.018925539810271
2013-08-01 08:10:22,0.1290417932071953,1.57180785443831,0.011969556395238425
2013-08-01 08:25:22,0.16494851830051688,1.4564047638297526,0.011343049769035446
2013-08-01 08:40:21,0.1255066069963928,1.3473194451874517,0.012230338976018771
2013-08-01 08:55:21,0.14018916220346606,1.2791792433829579,0.005018932856072475
2013-08-01 09:10:22,0.07248967619150377,1.1832804297369057,0.003367295775172652
2013-08-01 09:25:21,0.097794518909439,0.9642011101722346,0.003253098400622551
2013-08-01 09:40:21,0.09016397346929785,0.7611469101568277,0.0032964997097564264
2013-08-01 09:55:21,-0.0006279260715041713,0.5835311492150753,0.006001373305913801
2013-08-01 10:10:21,0.030599553744022377,0.3010478037342215,0.005790911128541819
2013-08-01 10:25:21,3.874542133917634e-05,-0.07954594943233215,0.006429177626140766
2013-08-01 10:40:21,-0.0972225475022074,-0.49311902615597775,-0.00584977274803385
2013-08-01 10:55:21,-0.037655116312103956,-0.8040926459277515,-0.031174954697009104
2013-08-01 11:10:21,-0.21375372692824968,-1.1913378988223855,-0.05782400211208493
2013-08-01 11:25:21,-0.20440478698801734,-1.4518888612881282,-0.022762912698875242
2013-08-01 11:40:21,-0.18012459407874343,-1.6405686902007797,-0.04434188378902943
2013-08-01 11:55:21,-0.2043536157575864,-1.738838081348734,-0.04720559741769739
2013-08-01 12:10:21,-0.1924105814367286,-1.7158751493646525,-0.06740095302504558
2013-08-01 12:25:21,-0.1783002840619009,-1.6456193398259789,-0.03543989078239409
2013-08-01 12:40:21,-0.193748802060803,-1.6658598991928872,-0.0543541154323844
2013-08-01 12:55:21,-0.20113013524319787,-1.743169491942481,-0.0408699579231507
2013-08-01 13:10:21,-0.1656202037762861,-1.7233378976826736,-0.024446377494205182
2013-08-01 13:25:21,-0.1714065909380816,-1.6822387755558748,-0.02692740630630175
2013-08-01 13:40:21,-0.13534586029138074,-1.6308350486111787,-0.031709294878383865
2013-08-01 13:55:21,-0.1586828546409956,-1.5921440036832977,-0.03100958881705005
2013-08-01 14:10:21,-0.12705487275219268,-1.4838770100561265,-0.03178687252569907
2013-08-01 14:25:21,-0.12300214690200746,-1.3691980249055848,-0.03338849403911076
2013-08-01 14:40:21,-0.1122871866230509,-1.2959672090005556,-0.03566488564211557
2013-08-01 14:55:21,-0.12325714533555424,-1.2605716947499126,-0.04007018469327291
2013-08-01 15:10:21,-0.10193363341789816,-1.1258362175032564,-0.030181055433379806
2013-08-01 15:25:21,-0.06867651338126461,-0.9853681038491103,-0.03687469820021863
2013-08-01 15:40:21,-0.035505294051282825,-0.7791523729486306,-0.01753024465779488
2013-08-01 15:55:21,-0.014830027258858992,-0.5974777663719626,-0.029597108061279253
2013-08-01 16:10:21,0.10255870684392436,-0.3411196970365082,-0.042757291822342273
2013-08-01 16:25:21,-0.06237027040012491,0.14899423873969908,0.010702776244434074
2013-08-01 16:40:21,-0.00951185815996772,0.41687216633967783,0.007134696629702656
2013-08-01 16:55:21,0.02489285577644515,0.6501076511811902,0.010878327304496492
2013-08-01 17:10:22,0.08072818311953077,1.138828696961423,0.016892683250033628
2013-08-01 17:25:22,0.10007284411564396,1.361458002648019,0.021390837562031976
2013-08-01 17:40:22,0.08409432150015922,1.4802042910035076,0.020285959143316767
2013-08-01 17:55:22,0.11296495027417244,1.5922793036954495,0.020104552795428898
2013-08-01 18:10:22,0.14277658740649307,1.6637950286513827,0.01961459047486423
2013-08-01 18:25:22,0.1395746152532965,1.710967397444364,0.015132417790140205
2013-08-01 18:40:22,0.13654614811689944,1.7251445325614778,0.020387652576708458
2013-08-01 18:55:22,0.17590860946277012,1.7732009710938437,0.007805269694396783
2013-08-01 19:10:22,0.14823008010219427,1.7690237863208165,0.019585257955032263
2013-08-01 19:25:22,0.1297638976223218,1.7426629332595598,0.027365847948336748
2013-08-01 19:40:22,0.14519563835385196,1.755221766922006,0.02647940569950153
2013-08-01 19:55:22,0.1319707224627679,1.6959155100125052,0.021192224795219698
2013-08-01 20:10:22,0.12027512948305837,1.653193082169124,0.02039298784263211
2013-08-01 20:25:22,0.12192470764777913,1.5791445469096963,0.016344815966656764
2013-08-01 20:40:22,0.15003694920827687,1.4862534479377676,0.015212409227871914
2013-08-01 20:55:22,0.1314942649878844,1.40370745973636,0.013477755003674369
2013-08-01 21:10:22,0.11271777761768462,1.3283492625031037,0.01092531405249652
2013-08-01 21:25:22,0.09855527364416392,1.2464415155133846,0.007546695290568851
2013-08-01 21:40:22,0.10194239025624172,1.0694558896886104,-0.0053400376896880555
2013-08-01 21:55:22,0.01581538103815094,0.9802399009220986,0.004256697191967669
2013-08-01 22:10:22,0.06223110067899027,0.7724166772460639,-0.004180134851548004
2013-08-01 22:25:22,0.03124017230345643,0.5451646952599993,0.0035405031412930423
2013-08-01 22:40:21,0.037062969081206515,0.25741601185945034,-0.004335879733931547
2013-08-01 22:55:21,-0.01579928716895863,-0.09054565032006323,0.0035067654793896653
2013-08-01 23:10:21,-0.07960704794385338,-0.4886501437434353,0.0011886430095532944
2013-08-01 23:25:21,-0.03247135045760403,-0.7867625899217714,0.02475629958064047
2013-08-01 23:40:21,-0.1924460544543435,-1.2669520869955115,-0.02992819273762207
2013-08-01 23:55:21,-0.202194320122274,-1.5188734401026744,-0.029114525846143012
2013-08-02 00:10:21,-0.2021371171600282,-1.7032375590487279,-0.054158233630270496
2013-08-02 00:25:21,-0.2281406859245519,-1.7597485427415411,-0.035146827504507205
2013-08-02 00:40:21,-0.19554284103139585,-1.7323771466328675,-0.03972627332972181
2013-08-02 00:55:21,-0.19139842454261605,-1.7151679722552244,-0.04855699491798692
2013-08-02 01:10:21,-0.21189978626359685,-1.7458522682867739,-0.0076279198405705085
2013-08-02 01:25:21,-0.2061266419970295,-1.780689807837667,-0.029731562950615527
2013-08-02 01:40:21,-0.1756768120138442,-1.7566937386870862,-0.03823327720063543
2013-08-02 01:55:21,-0.15390583354765935,-1.7089610033057079,-0.03463374525034981
2013-08-02 02:10:21,-0.15971819168237203,-1.6869759934589468,-0.038302179663533116
2013-08-02 02:25:21,-0.16477940460960425,-1.6067028276549147,-0.028287612372745467
2013-08-02 02:40:21,-0.15915655646712712,-1.5150065783739408,-0.037251776459062705
2013-08-02 02:55:21,-0.12358499755362966,-1.402525085387247,-0.02321229340677012
2013-08-02 03:10:21,-0.19130990879815205,-1.3087989566811058,-0.03954837882163901
2013-08-02 03:25:21,-0.043516321758809644,-1.2659632135303431,-0.07101523101486203
2013-08-02 03:40:21,-0.06738657187871532,-1.1387449910111962,-0.024765097991323596
2013-08-02 03:55:21,-0.08628574404281374,-0.9884604085830958,-0.020753375049515434
2013-08-02 04:10:21,-0.06325346175188659,-0.8036495237700396,-0.01752117616804848
2013-08-02 04:25:21,-0.03927774801796955,-0.5915566523940863,0.0018637897132373856
2013-08-02 04:40:21,0.1049968671036581,-0.44983136659115447,-0.0368334630609982
2013-08-02 04:55:21,-0.03515306635619726,-0.10069538663396355,-0.022223764635238116
2013-08-02 05:10:21,-0.013140169496878129,0.2666406388179459,-0.002835369643611855
2013-08-02 05:25:21,0.16590870028733046,0.7725864695269963,0.0192649978651389
2013-08-02 05:40:21,0.12785933351765955,1.0800670561824588,0.014700608949524845
2013-08-02 05:55:21,0.14361701399965576,1.3264782852694408,0.01603215515350897
2013-08-02 06:10:22,0.15154836671073935,1.5192870705314916,0.02022048952476645
2013-08-02 06:25:22,0.13857152891137178,1.5425949935009138,0.019087559737801737
2013-08-02 06:40:22,0.16093023526949524,1.6431104473888798,0.020988053691451826
2013-08-02 06:55:22,0.1545866833040986,1.7133659542762616,0.020291779860325397
2013-08-02 07:10:22,0.16223829911528703,1.719499781461204,0.023213010249761155
2013-08-02 07:25:22,0.1756278685291424,1.757804826763488,0.0167922955947566
2013-08-02 07:40:22,0.20935710700458623,1.7787710181532723,0.01840951438183532
2013-08-02 07:55:22,0.18051137108882415,1.7563239051531607,0.022483310118815457
2013-08-02 08:10:22,0.15918436856085313,1.7587949126970022,0.025033441902043554
2013-08-02 08:25:22,0.16599017384303766,1.7149963228418348,0.01982069058438741
2013-08-02 08:40:22,0.15460762236370076,1.6747787217745556,0.017062742340023293
2013-08-02 08:55:22,0.12999762698397402,1.5616766459412204,0.020553390332816765
2013-08-02 09:10:22,0.11900969958499531,1.5245446588059406,0.014428094290161756
2013-08-02 09:25:22,0.11039279255832478,1.394879400436504,0.007909915343266837
2013-08-02 09:40:22,0.10917455573540823,1.301454046718995,0.005166091279490238
2013-08-02 09:55:22,0.07514855329858691,1.1793429820821841,0.010941407054467665
2013-08-02 10:10:22,0.08860638163847921,1.0691827753893521,0.014239193572215049
2013-08-02 10:25:22,0.06777004713913576,0.9422270402921441,0.0017884539461549176
2013-08-02 10:40:22,0.07961743230262375,0.708127460892009,0.0009436730125754873
2013-08-02 10:55:22,0.020167264852242763,0.5007080332508281,0.0079266065354075
2013-08-02 11:10:22,-0.014482956618957087,0.23153505082875273,0.011973522624076497
2013-08-02 11:25:21,-0.01712691580821143,-0.1480165988176714,-0.0013578720691812696
2013-08-02 11:40:21,-0.09056117467022042,-0.5073971441171459,0.019310902110485324
2013-08-02 11:55:21,-0.03739729447102859,-0.8288925266262386,-0.008382554065736259
2013-08-02 12:10:21,-0.22859889342831516,-1.2349206905243724,-0.044477707245383635
2013-08-02 12:25:21,-0.22644000442799034,-1.4757551906401962,-0.0422909267305349
2013-08-02 12:40:21,-0.19484782522236954,-1.6210990545905366,-0.06072599858153352
2013-08-02 12:55:21,-0.18986713780778913,-1.6542773257087149,-0.03635384374914129
2013-08-02 13:10:21,-0.19898427992074888,-1.6734914850475513,-0.03272536650775385
2013-08-02 13:25:21,-0.15923662794864427,-1.6736003441493754,-0.023553177021920266
2013-08-02 13:40:21,-0.19547016172145942,-1.712614366249346,-0.039198357027261856
2013-08-02 13:55:21,-0.17022182116493487,-1.7607119511894787,-0.02947452630257621
2013-08-02 14:10:21,-0.1720276378892362,-1.74874861594801,-0.02927142558765842
2013-08-02 14:25:21,-0.13090073495310334,-1.6548149886955312,-0.026553360434794452
2013-08-02 14:40:21,-0.1674057442363672,-1.5871513816374818,-0.025729516700609665
2013-08-02 14:55:21,-0.1736372976644786,-1.5393699279677537,-0.03217441178164867
2013-08-02 15:10:21,-0.15426160388639712,-1.4852992159825547,-0.036860325066624275
2013-08-02 15:25:21,-0.06725119011585498,-1.3878035039547718,-0.03314033355598939
2013-08-02 15:40:21,-0.11327265165186642,-1.3160323508618046,-0.023173573082324945
2013-08-02 15:55:21,-0.11671847056501986,-1.1940885197164877,-0.02358518394836864
2013-08-02 16:10:21,-0.11873121060576454,-1.0352160277938207,-0.011664525483807907
2013-08-02 16:25:21,-0.10144184903186453,-0.873436407590087,-0.02165043618757469
2013-08-02 16:40:21,-0.06546356920294792,-0.7253485607062747,-0.0188130825352354
2013-08-02 16:55:21,-0.05222664637763361,-0.5262111610929621,-0.021751695107432332
2013-08-02 17:10:21,-0.0035350832400045497,-0.26501454702061633,0.0003943667817008862
2013-08-02 17:25:21,-0.017232226715097866,0.13500911192016132,-0.00943841216899974
2013-08-02 17:40:21,-0.011633460822660178,0.38397525634565854,0.0040698944699546265
2013-08-02 17:55:22,0.1471895163007568,0.9897386768022077,0.01964508308554545
2013-08-02 18:10:22,0.09902718745849169,1.1968705758986518,0.029009952337226735
2013-08-02 18:25:22,0.13767302685813848,1.4211393153622665,0.011786187650992496
2013-08-02 18:40:22,0.15498055914637107,1.4803993935288995,0.022591162829725002
2013-08-02 18:55:22,0.17087275205682026,1.5773284474549714,0.023569626091458393
2013-08-02 19:10:22,0.13063681172314212,1.6826151564789857,0.023763490969393765
2013-08-02 19:25:22,0.16664560887119892,1.7313891735817841,0.016128725882889834
2013-08-02 19:40:22,0.16295983590543864,1.7911773341318644,0.02170710732563014
2013-08-02 19:55:22,0.1694747243622474,1.794966009613557,0.017451329540901325
2013-08-02 20:10:22,0.1379100058882566,1.782685555695971,0.014747176799050578
2013-08-02 20:25:22,0.13052343118642737,1.7202867709617522,0.02931349693477806
2013-08-02 20:40:22,0.15054905573081184,1.7521420741438556,0.014399029721511572
2013-08-02 20:55:22,0.1411777021521684,1.6707741253293507,0.022934765738671495
2013-08-02 21:10:22,0.14701756530853807,1.673483628596803,0.016545894882204492
2013-08-02 21:25:22,0.16421914248906103,1.5776510760019098,0.014050645765986023
2013-08-02 21:40:22,0.1307083890908649,1.5251144931861131,0.0158475761664319
2013-08-02 21:55:22,0.09753130607693755,1.4434872665840657,0.009860851118790256
2013-08-02 22:10:22,0.11949069547393125,1.3235555788429962,0.01582820968201178
2013-08-02 22:25:22,0.09057538178002332,1.1581613633958456,0.007713668665007497
2013-08-02 22:40:22,0.12701137162160867,0.9982221137671045,-0.007460932800249017
2013-08-02 22:55:22,0.06766001925625145,0.871417835266155,-0.0006630469478766587
2013-08-02 23:10:22,0.069090139409978,0.6975435506000309,-0.0002617814620183464
2013-08-02 23:25:22,-0.0016117714328662306,0.4707745557095573,-0.0013882854757596322
2013-08-02 23:40:21,-0.024522677489137883,0.10804684515052436,-0.00940468639805715
2013-08-02 23:55:21,-0.007588890020389363,-0.2595331735083664,-0.000818006323234147
2013-08-03 00:10:21,-0.14327876084407237,-0.6861855601889654,0.007220643145573085
2013-08-03 00:25:21,-0.16967534907048615,-1.027919611580891,-0.03718701457340344
2013-08-03 00:40:21,-0.1924584729232102,-1.3829177504753583,-0.02452932388339095
2013-08-03 00:55:21,-0.1930944243349154,-1.6021514415400673,-0.031920230247170035
2013-08-03 01:10:21,-0.19847010070155652,-1.6552156341316409,-0.03315442456926619
2013-08-03 01:25:21,-0.20019598699147456,-1.7029682122375176,-0.04565614610865728
2013-08-03 01:40:21,-0.21634536926587475,-1.7090800192087658,-0.04071736405772077
2013-08-03 01:55:21,-0.17608891351891776,-1.766204224021804,-0.04223071198735922
2013-08-03 02:10:21,-0.2053701833076743,-1.8215881092287491,-0.039495942113088274
2013-08-03 02:25:21,-0.20941824834980435,-1.7623791658107637,-0.03602524743540365
2013-08-03 02:40:21,-0.17635440664087382,-1.6639275456006883,-0.03616498092036467
2013-08-03 02:55:21,-0.15797221839575776,-1.678863926232915,-0.02762834333951318
2013-08-03 03:10:21,-0.18911316065411585,-1.7212473537131057,-0.03462577046784933
2013-08-03 03:25:21,-0.14901438971681294,-1.6751174295557216,-0.032065031743148495
2013-08-03 03:40:21,-0.17951115253236885,-1.5316426758858208,-0.02515917789588952
2013-08-03 03:55:21,-0.1420460916283791,-1.3802389907047297,-0.04437217056087611
2013-08-03 04:10:21,-0.11611723168424071,-1.3010836816759555,-0.03771885222488775
2013-08-03 04:25:21,-0.07381067752792864,-1.2449758408776872,-0.041467544602834
2013-08-03 04:40:21,-0.08037221357174308,-1.1056112357407046,-0.024450840209315063
2013-08-03 04:55:21,-0.06836639521624822,-0.9104890693382622,-0.02656825835019806
2013-08-03 05:10:21,-0.05852546966713499,-0.752502282827019,-0.021275026388013353
2013-08-03 05:25:21,0.015978232028354498,-0.5641010703219479,-0.010971902917173445
2013-08-03 05:40:21,0.08742441983698149,-0.3229331960526335,-0.06996027672965431
2013-08-03 05:55:21,-0.08883487979098095,0.04960764767121331,0.006737081862392504
2013-08-03 06:10:21,0.029156543601146428,0.39881125651078664,0.002889272164336015
2013-08-03 06:25:21,0.19868987243097205,0.9270678874429813,0.009041286704671504
2013-08-03 06:40:22,0.08162704741850228,1.1186564001861865,0.015896403382875103
2013-08-03 06:55:22,0.12356673855994857,1.4143393036429006,0.009623494814976841
2013-08-03 07:10:22,0.14934067739598386,1.5505657006186462,0.022301544770389356
2013-08-03 07:25:22,0.16288833363814043,1.6073140450002108,0.020602169138550532
2013-08-03 07:40:22,0.17708064418668193,1.6862230386939792,0.02367472452796377
2013-08-03 07:55:22,0.16297945758905355,1.727758621409899,0.02499417774252451
2013-08-03 08:10:22,0.17444487331722136,1.790624578811988,0.03263358836693087
2013-08-03 08:25:22,0.1812834034032154,1.7744816413221374,0.019824300659173393
2013-08-03 08:40:22,0.16786000838909115,1.788084758053702,0.013940544702727304
2013-08-03 08:55:22,0.16370308472694256,1.7504840487683146,0.020987159846423582
2013-08-03 09:10:22,0.16483994058553705,1.7821174985466548,0.01619993074169959
2013-08-03 09:25:22,0.13164016675426757,1.6940569281990507,0.019048768900974625
2013-08-03 09:40:22,0.12907542617027684,1.6478048213584686,0.023782833930324192
2013-08-03 09:55:22,0.14707616053175074,1.6026808893818059,0.010006506199988585
2013-08-03 10:10:22,0.13931141561973356,1.529922336458152,0.0077292568514797195
2013-08-03 10:25:22,0.1566064607605735,1.4455400542033996,0.0036319920408919145
2013-08-03 10:40:22,0.13428061753287715,1.338631307968974,0.004409333565901565
2013-08-03 10:55:22,0.08742998506557204,1.2741392456589125,0.0011786999639988435
2013-08-03 11:10:22,0.09595924203898278,1.0557401474590407,2.984414357530518e-05
2013-08-03 11:25:22,0.04052905553933194,0.902329859410804,0.002732085507918157
2013-08-03 11:40:22,0.06220746467399732,0.7056520494375895,0.0005888191161945583
2013-08-03 11:55:22,0.03660883575605179,0.4634590171453486,-0.001449386591422908
2013-08-03 12:10:22,0.023183291635932038,0.16708811201682372,0.0033227723549414576
2013-08-03 12:25:21,0.007083408923181785,-0.19332814270318346,0.005191632708071227
2013-08-03 12:40:21,-0.158206000207512,-0.5970011420945396,0.033974069098574006
2013-08-03 12:55:21,-0.16394038910861253,-0.957232690689044,-0.06819052915065707
2013-08-03 13:10:21,-0.19081115340029478,-1.3023680035069787,-0.01949429165897767
2013-08-03 13:25:21,-0.1790249660993948,-1.5894434928306433,-0.026762136763554992
2013-08-03 13:40:21,-0.1901111995150321,-1.6777679730932664,-0.03215878702511597
2013-08-03 13:55:21,-0.20000832098405955,-1.7258482800121373,-0.04295489680021853
2013-08-03 14:10:21,-0.18830961635960908,-1.7403614936557545,-0.04066312817641239
2013-08-03 14:25:21,-0.2328905016337529,-1.7684657838314994,-0.03562052144304711
2013-08-03 14:40:21,-0.19198189250335065,-1.7657567023392453,-0.0361682446011076
2013-08-03 14:55:21,-0.20283855503358542,-1.808633258552236,-0.03269034858431059
2013-08-03 15:10:21,-0.14493518524378265,-1.7231133632931166,-0.03190030507384407
2013-08-03 15:25:21,-0.18063563448109696,-1.6227160685006905,-0.036967823329106565
2013-08-03 15:40:21,-0.1550779326814484,-1.6003954175293778,-0.03451835243475209
2013-08-03 15:55:21,-0.15286281285539388,-1.5739763661612154,-0.03568591948519325
2013-08-03 16:10:21,-0.12338549786812453,-1.5312363327847784,-0.040650596760926146
2013-08-03 16:25:21,-0.1120787551792654,-1.414285807369436,-0.03137833808423603
2013-08-03 16:40:21,-0.12161899153709983,-1.2430238856723304,-0.026345526121897916
2013-08-03 16:55:21,-0.11076772391312019,-1.1356415159317863,-0.027259241144989347
2013-08-03 17:10:21,-0.12773824308303966,-1.03705709999101,-0.024486522691970405
2013-08-03 17:25:21,-0.08309068266580769,-0.8796489731532166,-0.018679524216457244
2013-08-03 17:40:21,-0.06363328709453443,-0.6926646424681021,-0.014335201092216858
2013-08-03 17:55:21,-0.008782515656306378,-0.47518902261257245,-0.008245772951055861
2013-08-03 18:10:21,0.029147726809449194,-0.13568510976344492,-0.0019747160057752766
2013-08-03 18:25:21,0.00015692408681932575,0.2501155783768535,-0.016992026333851558
2013-08-03 18:40:22,0.0368133323587233,0.6071990876273161,0.017262066855902862
2013-08-03 18:55:22,0.05228005961283343,1.0258489788980711,0.006218171696873071
2013-08-03 19:10:22,0.1348069102548724,1.3371855194371896,0.028030843697533808
2013-08-03 19:25:22,0.13744352293070974,1.4959512667861472,0.027053413350632317
2013-08-03 19:40:22,0.14323118001089832,1.5649527447700404,0.029028376688952143
2013-08-03 19:55:22,0.1578763494753103,1.7030324370439933,0.01974428319419292
2013-08-03 20:10:22,0.1602719017177209,1.7271974819248663,0.026879508469875593
2013-08-03 20:25:22,0.1689082196349973,1.7525863683058225,0.02979784682567917
2013-08-03 20:40:22,0.1801731925532103,1.8757342493026858,0.016835599483199033
2013-08-03 20:55:22,0.16302909170465885,1.8250839770552292,0.01793232008520493
2013-08-03 21:10:22,0.17216911345834943,1.828474936937183,0.022422855370107905
2013-08-03 21:25:22,0.16416783000303092,1.776376636846403,0.020813494655464986
2013-08-03 21:40:22,0.1667776276032953,1.7794944792079261,0.013399955430965935
2013-08-03 21:55:22,0.1589645336335068,1.7447839390334465,0.009280168805361052
2013-08-03 22:10:22,0.18120267270486182,1.6611753968514602,0.012253241654915838
2013-08-03 22:25:22,0.17206827414258943,1.624844131312559,0.004133339881776966
2013-08-03 22:40:22,0.16356038539360962,1.4835725888112279,0.013198473859497824
2013-08-03 22:55:22,0.14989745800516568,1.4521323863086555,-0.007034843442152922
2013-08-03 23:10:22,0.0967445457481153,1.317673325067313,0.005953089589320991
2013-08-03 23:25:22,0.09377429084772436,1.124479702335995,-0.0024502848394465067
2013-08-03 23:40:22,0.10347276593119281,0.9572535484120388,6.264466326340894e-07
2013-08-03 23:55:22,0.06183136693380962,0.7802959397720378,-0.0031424839685053776
2013-08-04 00:10:22,0.07380367380752369,0.5256825370756838,-0.0009717298935049059
2013-08-04 00:25:21,0.04529623892214117,0.265810068565377,-0.013377804233386135
2013-08-04 00:40:21,0.004036756458051176,-0.10036197260486718,-0.009434937691132806
2013-08-04 00:55:21,-0.10521866438675603,-0.5545720159149873,0.006104872215183007
2013-08-04 01:10:21,-0.06779595441662481,-0.8534931984728383,-0.04054197183045192
2013-08-04 01:25:21,-0.25867986919279656,-1.230608267315595,-0.07965956148341385
2013-08-04 01:40:21,-0.23401051162039388,-1.5078275947767097,-0.014441057771091732
2013-08-04 01:55:21,-0.1912539995604051,-1.6777619318908834,-0.03526927611869243
2013-08-04 02:10:21,-0.22301036869742485,-1.7622980510936057,-0.05275270370874618
2013-08-04 02:25:21,-0.19497914341148154,-1.7585367175905562,-0.05532708749927072
2013-08-04 02:40:21,-0.1940922803391974,-1.7636049712645512,-0.044425265539060774
2013-08-04 02:55:21,-0.27801380558798167,-1.748323367256266,-0.014233869264965192
2013-08-04 03:10:21,-0.24555812305352956,-1.8339015797502247,-0.021339623705161046
2013-08-04 03:25:21,-0.19651820166311273,-1.8688788475729825,-0.028667609854303718
2013-08-04 03:40:21,-0.19549428641984287,-1.8109775458397765,-0.031474082656643754
2013-08-04 03:55:21,-0.18455319710255694,-1.7866439713534852,-0.0484388020251573
2013-08-04 04:10:21,-0.17174893741423636,-1.7115949688166379,-0.04584779570594545
2013-08-04 04:25:21,-0.1180303242165817,-1.613610737233554,-0.03674223735478341
2013-08-04 04:40:21,-0.10386398093668808,-1.495901273853565,-0.023270465884866125
2013-08-04 04:55:21,-0.09785117907555234,-1.4154176275783115,-0.032076091221578874
2013-08-04 05:10:21,-0.0775400595234725,-1.270648637070748,-0.036120713673732006
2013-08-04 05:25:21,-0.08274490082247894,-1.0939938010585726,-0.03124777153792569
2013-08-04 05:40:21,-0.05406806635126772,-1.021832533259208,-0.02787201175142069
2013-08-04 05:55:21,-0.044370472363121104,-0.8746822490471344,-0.021817904663202305
2013-08-04 06:10:21,-0.008885416228085998,-0.7192169161099664,-0.01462910702850827
2013-08-04 06:25:21,0.008488375836807574,-0.507739054868421,-0.011492221446458324
2013-08-04 06:40:21,-0.024284704178259273,-0.1820673462232337,-0.005383806013542292
2013-08-04 06:55:21,-0.024802086207510142,0.2544086886443332,-0.014919138394038316
2013-08-04 07:10:21,0.08186924505465754,0.64257065486375,0.004917136509256431
2013-08-04 07:25:22,0.12029008664280426,1.0858393604919774,0.0016437002948457072
2013-08-04 07:40:22,0.1244776723198905,1.3977902773939144,0.002544365226758831
2013-08-04 07:55:22,0.12849964913818754,1.4945503826325865,0.022156596495600474
2013-08-04 08:10:22,0.14386523770074686,1.5875452555607663,0.02764466690200704
2013-08-04 08:25:22,0.1692139649676998,1.7044691104240466,0.01667196895464965
2013-08-04 08:40:22,0.1707084629353579,1.762749393731437,0.01715478747366966
2013-08-04 08:55:22,0.1774471363140317,1.7977464910286691,0.017194016403226774
2013-08-04 09:10:22,0.19628185670115106,1.7721829296992428,0.021844042203295767
2013-08-04 09:25:22,0.19462250905550801,1.7940942853474235,0.011524033718327059
2013-08-04 09:40:22,0.19391525640374624,1.8193552993782176,0.018609030631661368
2013-08-04 09:55:22,0.18086137613836126,1.7753674296123214,0.014036783582546291
2013-08-04 10:10:22,0.17300275899504178,1.7533878525174313,0.019352786522377787
2013-08-04 10:25:22,0.1576971788002521,1.663185472093545,0.019573698846452114
2013-08-04 10:40:22,0.12309988005979831,1.6178330011629933,0.01802507060345056
2013-08-04 10:55:22,0.13506362721829088,1.5022490790629057,0.020174043656767164
2013-08-04 11:10:22,0.13108202163520724,1.4477189217583903,0.017215231223169262
2013-08-04 11:25:22,0.13242940470859296,1.3898338383773357,0.009791660705964851
2013-08-04 11:40:22,0.12643654152376146,1.2916706845455033,0.004179914354923092
2013-08-04 11:55:22,0.12510113427343356,1.1340731240194497,0.005532857950916017
2013-08-04 12:10:22,0.07616889692497875,0.9523988759393993,0.009372341391911655
2013-08-04 12:25:22,0.03614672029924994,0.7772269105608335,-0.00336361542467899
2013-08-04 12:40:21,0.08165693351866948,0.48231930981532056,-0.0033212324196994396
2013-08-04 12:55:21,0.030641618571439464,0.18490079449251443,-0.0010151373398420965
2013-08-04 13:10:21,-0.006343266373079927,-0.18638398568762024,0.008147093455914875
2013-08-04 13:25:21,-0.1330628243126296,-0.5774201955549653,0.03147495722217443
2013-08-04 13:40:21,-0.08207793271554731,-0.9634191599178938,-0.053089571942297
2013-08-04 13:55:21,-0.19385884821761887,-1.3431980226460243,-0.024971993380087817
2013-08-04 14:10:21,-0.19346087980864468,-1.5739373448447982,-0.04430712539400191
2013-08-04 14:25:21,-0.183070587279407,-1.6965174649550148,-0.028758878538027992
2013-08-04 14:40:21,-0.23111576312320362,-1.7256066940858898,-0.04347903938094734
2013-08-04 14:55:21,-0.22248972446328097,-1.7116124814948408,-0.049562237493963636
2013-08-04 15:10:21,-0.19649608133978638,-1.7518401522114617,-0.040345050815886296
2013-08-04 15:25:21,-0.23239442509941255,-1.8352245206072748,-0.04046660845115795
2013-08-04 15:40:21,-0.2383222886149274,-1.8011893735975526,-0.04515274092268564
2013-08-04 15:55:21,-0.20536229704731057,-1.7931786700509451,-0.05063723118516912
2013-08-04 16:10:21,-0.16755040262878826,-1.7590664182013203,-0.0527761635225114
2013-08-04 16:25:21,-0.1758672275766802,-1.6820308350700066,-0.04200423524368252
2013-08-04 16:40:21,-0.16330447139409512,-1.6046293595181143,-0.03877358302945721
2013-08-04 16:55:21,-0.15818875959710355,-1.5763435756470314,-0.03481475562515314
2013-08-04 17:10:21,-0.13279821196513117,-1.372243072858859,-0.03879336583695937
2013-08-04 17:25:21,-0.11689663984727484,-1.2611685348067763,-0.039832822315380614
2013-08-04 17:40:21,-0.12238518690288755,-1.183111696653285,-0.034978018560950216
2013-08-04 17:55:21,-0.11269640060152455,-1.1452107237277473,-0.03834072196354361
2013-08-04 18:10:21,-0.07840472426404153,-0.9616501858629805,-0.034484792073618244
2013-08-04 18:25:21,-0.033712354312735254,-0.764277094218116,-0.029200710312254623
2013-08-04 18:40:21,0.03791859333997571,-0.5297299771379322,-0.03208039136540169
2013-08-04 18:55:21,0.03186129937633626,-0.19856100344597497,-0.041120566923766026
2013-08-04 19:10:21,-0.1462031852560269,0.2136983873265911,0.0005681087885015628
2013-08-04 19:25:22,0.05389271764328601,0.49739055518028447,0.008309201990984458
2013-08-04 19:40:22,0.03701997319310389,0.9452325038408763,0.017507072431565504
2013-08-04 19:55:22,0.09930435195364833,1.2685332807104404,0.013868215638185587
2013-08-04 20:10:22,0.08256172468758881,1.4887960682532733,0.020322955998156353
2013-08-04 20:25:22,0.11356132506394659,1.574101700071836,0.022397807909644945
2013-08-04 20:40:22,0.12235487473687154,1.6949692456978969,0.018678464744642694
2013-08-04 20:55:22,0.17124404585484915,1.72348348568155,0.02224934909781365
2013-08-04 21:10:22,0.1866098029970825,1.7926105047216436,0.018887467254271754
2013-08-04 21:25:22,0.18370033615865555,1.8142498238420746,0.0302199123882348
2013-08-04 21:40:22,0.1812169005079719,1.8329260377625625,0.035013515621279995
2013-08-04 21:55:22,0.14634110419978094,1.8533720854332634,0.016627272650999187
2013-08-04 22:10:22,0.15677166128817635,1.8250791797033141,0.027838951147303965
2013-08-04 22:25:22,0.1242155302430845,1.8031763818920634,0.021145340221434227
2013-08-04 22:40:22,0.160009450103843,1.7951347279936014,0.010937715438974338
2013-08-04 22:55:22,0.17144616709949362,1.6973093409495912,0.01679783747811872
2013-08-04 23:10:22,0.17774746302278563,1.6654414905428963,0.009340546052807057
2013-08-04 23:25:22,0.11679383018455801,1.5618847313077442,0.010152139841649933
2013-08-04 23:40:22,0.15989992749735726,1.4258594722964424,0.015885427797393208
2013-08-04 23:55:22,0.13464427428274728,1.2988068086361442,0.005695847974837525
2013-08-05 00:10:22,0.09098427679707494,1.22981458788053,0.0006379895162090617
2013-08-05 00:25:21,0.12687616299123258,1.096943335598677,-0.012096733278030965
2013-08-05 00:40:21,0.11402477106373723,0.8839722886524843,-0.00611661335984611
2013-08-05 00:55:21,0.1124478612750132,0.6210950134982332,-0.006030414881922115
2013-08-05 01:10:21,0.03069947552607119,0.3053621315206321,0.013409742913723537
2013-08-05 01:25:21,-0.010544715610269834,-0.1260295474429028,-0.0009867484293918883
2013-08-05 01:40:21,-0.08787710348840445,-0.6004599910394951,-0.0022953318640242305
2013-08-05 01:55:21,-0.05603677014575222,-0.9349160072440115,-0.02834153575307538
2013-08-05 02:10:21,-0.2051335247150901,-1.3964224623876897,-0.02622058676058123
2013-08-05 02:25:21,-0.20093284425972205,-1.6667924635187417,-0.030222122017877558
2013-08-05 02:40:21,-0.23805994788739027,-1.7747068661778322,-0.03750426957289082
2013-08-05 02:55:21,-0.2247496457277394,-1.787293338045616,-0.04005331323950327
2013-08-05 03:10:21,-0.21572922675524234,-1.772853154262861,-0.04553331673911883
2013-08-05 03:25:21,-0.20498344091091275,-1.7777342186559602,-0.046641994496517174
2013-08-05 03:40:21,-0.19026337103647187,-1.885928417596012,-0.04530471749453268
2013-08-05 03:55:21,-0.2788038888690895,-1.957739669744944,-0.03554373909387994
2013-08-05 04:10:21,-0.20316589148104297,-1.9309341113991259,-0.04219766493568367
2013-08-05 04:25:21,-0.2093155750185354,-1.8434504001871352,-0.03936789065801626
2013-08-05 04:40:21,-0.1908970685872177,-1.8310014891903041,-0.048599996366723304
2013-08-05 04:55:21,-0.18495364754086202,-1.7016160455219622,-0.04887310449417009
2013-08-05 05:10:21,-0.13789421537672836,-1.5526322797184597,-0.04272785163143815
2013-08-05 05:25:21,-0.13339060097607217,-1.5672663695058946,-0.038897949798348395
2013-08-05 05:40:21,-0.08181102846310805,-1.5123529711794792,-0.03693515739134871
2013-08-05 05:55:21,-0.1171174062451693,-1.3722607182505706,-0.03510414479404928
2013-08-05 06:10:21,-0.09539423999457122,-1.270256427807717,-0.028924139512182402
2013-08-05 06:25:21,-0.06169783807023944,-1.065229701543141,-0.021659244655997303
2013-08-05 06:40:21,0.002829424023535668,-0.8823674075502899,-0.017373842715826163
2013-08-05 06:55:21,-0.0046519529531007,-0.7242858401567354,-0.02254550720216012
2013-08-05 07:10:21,0.04247051084245835,-0.46017527287887894,-0.0225551827903124
2013-08-05 07:25:21,0.1230746396444148,-0.036134928733408726,-0.0008111582295207689
2013-08-05 07:40:21,-0.004867783431714601,0.2701516115090649,0.004185047811247688
2013-08-05 07:55:21,0.22207236516150491,0.7910189454500335,0.008644751853807043
2013-08-05 08:10:21,0.131035703655856,0.9891914940516138,0.0018812304210449314
2013-08-05 08:25:22,0.13054611854053527,1.354456949254449,0.022437380993065366
2013-08-05 08:40:22,0.18533879980117973,1.5584107906566635,0.010891755424444172
2013-08-05 08:55:22,0.1815931699861041,1.5809946596535382,0.018802802984186795
2013-08-05 09:10:22,0.22776250906669995,1.7419473812319923,0.016166326962135217
2013-08-05 09:25:22,0.27042292155017467,1.8510095868663834,0.010142354948561673
2013-08-05 09:40:22,0.2208717693036705,1.8618753356022089,0.0038042755524289886
2013-08-05 09:55:22,0.2007904212551921,1.7836656491496525,0.01162097965241008
2013-08-05 10:10:22,0.22599278757323088,1.8115748727412697,0.013435174564800331
2013-08-05 10:25:22,0.23797949724725873,1.791854853842665,0.008561815731094494
2013-08-05 10:40:22,0.19025225439413837,1.8339017057396123,0.011187350145489694
2013-08-05 10:55:22,0.19431714583041942,1.7346953245294543,0.016122269033080384
2013-08-05 11:10:22,0.16638185078220916,1.6586058608679413,0.027735477367952198
2013-08-05 11:25:22,0.16795162313455383,1.6535651749270057,0.013055643608087366
2013-08-05 11:40:22,0.1368886996247547,1.503275650810848,0.029163892757903438
2013-08-05 11:55:22,0.13461186974303982,1.521792380613825,0.00349091822958277
2013-08-05 12:10:22,0.14485923867511127,1.4497019926054562,0.0043110620294019375
2013-08-05 12:25:22,0.11985024884400798,1.3290362926124437,-0.01263104894434491
2013-08-05 12:40:22,0.10037229743939673,1.160811733024593,-0.0030749297001422785
2013-08-05 12:55:22,0.07372437966312582,0.9857466117451771,0.0006787740817084246
2013-08-05 13:10:21,0.08625337868588559,0.7332504252317753,-0.010713813152118393
2013-08-05 13:25:22,0.06148342012789098,0.469117686288266,0.0032223675774925484
2013-08-05 13:40:21,0.00444635195492794,0.15344226246509426,0.007738338050363247
2013-08-05 13:55:21,0.005372796468504943,-0.2967641489383472,-0.008064942120899928
2013-08-05 14:10:21,-0.10328738034666086,-0.7262285949643349,0.053063555346200796
2013-08-05 14:25:21,-0.20287956557329406,-1.1131519162532175,-0.05725133746554274
2013-08-05 14:40:21,-0.19631134632934097,-1.4655385028702044,-0.027533129152349376
2013-08-05 14:55:21,-0.19871905047938512,-1.713811188842224,-0.0333296865318308
2013-08-05 15:10:21,-0.2289067368998894,-1.7430198961478265,-0.04222971494469645
2013-08-05 15:25:21,-0.23032208648402086,-1.7416160730984003,-0.034223681796176394
2013-08-05 15:40:21,-0.19667615639813613,-1.8126018642476611,-0.032175068147826606
2013-08-05 15:55:21,-0.1997142806792766,-1.8559015393551865,-0.03520394409008447
2013-08-05 16:10:21,-0.1939970498029916,-1.9280491557983328,-0.03927534600060676
2013-08-05 16:25:21,-0.18380272487559574,-1.8856638108675072,-0.03596624114543038
2013-08-05 16:40:21,-0.18810781856097017,-1.8265968348052277,-0.03837975565250202
2013-08-05 16:55:21,-0.16529247135350433,-1.798178788122045,-0.03957525758028496
2013-08-05 17:10:21,-0.13398999538991435,-1.7493403359150528,-0.043839700297829
2013-08-05 17:25:21,-0.11717680696586762,-1.702402471497609,-0.0463840149857774
2013-08-05 17:40:21,-0.1099063541089409,-1.6048625460638104,-0.033865021838900264
2013-08-05 17:55:21,-0.10794227991829651,-1.50050077389346,-0.033786210148650186
2013-08-05 18:10:21,-0.08393402346200034,-1.3889555132996523,-0.04135515457525681
2013-08-05 18:25:21,-0.04108671280623758,-1.2364609547130878,-0.030078038314241305
2013-08-05 18:40:21,-0.05069926282990597,-1.1497001497264032,-0.026090953777636025
2013-08-05 18:55:21,-0.005919513525003236,-0.9163812213641119,-0.025447689125480264
2013-08-05 19:10:21,0.023931573302095065,-0.7335934645352524,-0.021734707109551624
2013-08-05 19:25:21,0.03718143111286313,-0.50902392057913,-0.02201912619736355
2013-08-05 19:40:21,0.07513297401380117,-0.2340345814935622,-0.002204203997303692
2013-08-05 19:55:21,-0.04379448191853472,0.2714953920939977,0.005112640699434406
2013-08-05 20:10:21,0.20860920309266015,0.703871676721275,0.016085392412621427
2013-08-05 20:25:22,0.12117301038007472,1.0473525886554542,0.01781369431850115
2013-08-05 20:40:22,0.18790155849819137,1.3532940369350859,0.024674134244563425
2013-08-05 20:55:22,0.18860369893177822,1.545779847094329,0.01518482397600224
2013-08-05 21:10:22,0.17736016624351014,1.6653133619184424,0.01746580471768021
2013-08-05 21:25:22,0.2152804037437754,1.7299899910966658,0.008659366776540488
2013-08-05 21:40:22,0.18263791370975413,1.8268782243696482,0.006608827425060801
2013-08-05 21:55:22,0.21207512934360623,1.8073181501902598,0.013137987017642365
2013-08-05 22:10:22,0.2060827536385889,1.888417711390413,0.016947314000418153
2013-08-05 22:25:22,0.21922748248088475,1.8982254474863778,0.015741042382416234
2013-08-05 22:40:22,0.20559544999568208,1.9162027439514728,0.016156364527577703
2013-08-05 22:55:22,0.18607298836953837,1.8844509429224447,0.012440192852020289
2013-08-05 23:10:22,0.1795264790662965,1.86408287032174,0.011601159954259142
2013-08-05 23:25:22,0.18906619173249892,1.8011926957676037,0.00301305661429861
2013-08-05 23:40:22,0.1911535590318675,1.743842401906116,0.012004009617649128
2013-08-05 23:55:22,0.18041540291287056,1.6531366129981895,-0.0031004326999938556
2013-08-06 00:10:21,0.17139959136417565,1.5878308498486846,-0.009205187823178362
2013-08-06 00:25:22,0.14578657037668324,1.4123826930271635,0.014130553388292612
2013-08-06 00:40:22,0.11819662745062726,1.3255085700522926,0.022609899812430275
2013-08-06 00:55:21,0.0724524120743542,1.1149548906254572,0.018813427664025394
2013-08-06 01:10:21,0.11721261837007836,0.9977664691504746,-0.01027617390001853
2013-08-06 01:25:21,0.05582339001440235,0.8052044967478272,-0.006687777760833987
2013-08-06 01:40:21,0.0893880574680127,0.6041458088641314,-0.02230755268965455
2013-08-06 01:55:21,0.024109730578164398,0.2842934538987684,-0.006228810162040142
2013-08-06 02:10:21,0.0035234015664342565,-0.20948865735372443,0.0003772628467682503
2013-08-06 02:25:21,-0.1358706118720951,-0.7021168808248295,0.005442481424617227
2013-08-06 02:40:21,-0.19933939108277499,-1.109793566914637,-0.04525842569579477
2013-08-06 02:55:21,-0.2416798895960702,-1.4991762015935708,-0.033828735548552924
2013-08-06 03:10:21,-0.24594117703014248,-1.6850652334255964,-0.026629907693972728
2013-08-06 03:25:21,-0.2509078273373306,-1.7704425497201035,-0.02666902942825714
2013-08-06 03:40:21,-0.2521291358009571,-1.7903451848102068,-0.033108850055164916
2013-08-06 03:55:21,-0.23651024151542585,-1.8005971250796409,-0.04473652030466105
2013-08-06 04:10:21,-0.2468019825956309,-1.887482490373782,-0.035295898776601504
2013-08-06 04:25:21,-0.2349233570942358,-1.9300524442095988,-0.016769444439991982
2013-08-06 04:40:21,-0.25523151314657827,-1.986216998261716,-0.03448640900025258
2013-08-06 04:55:21,-0.201506719042685,-1.943923717497605,-0.033168132407113755
2013-08-06 05:10:21,-0.20324267739203847,-1.8268578886493159,-0.04225297344854937
2013-08-06 05:25:21,-0.1507845213760112,-1.7605750090729468,-0.03461261791495303
2013-08-06 05:40:21,-0.18040605717045471,-1.702401512899411,-0.03758653931071092
2013-08-06 05:55:21,-0.13906921860128543,-1.6243423742573004,-0.02629422759572987
2013-08-06 06:10:21,-0.1515172066688296,-1.5273441746557972,-0.045296744146007185
2013-08-06 06:25:21,-0.08071540662782543,-1.3884943281593605,-0.03575888039671172
2013-08-06 06:40:21,-0.07581832244462292,-1.2197220012795624,-0.03723666531216318
2013-08-06 06:55:21,-0.09275621270593466,-1.1072089445393323,-0.021721981577546966
2013-08-06 07:10:21,-0.09272678625338,-1.0016728826930452,-0.018050584732527516
2013-08-06 07:25:21,-0.05628224337031682,-0.8944379598168394,-0.022399397495793852
2013-08-06 07:40:21,0.00607239710849373,-0.6820398744522357,-0.0290587494204079
2013-08-06 07:55:21,0.024108419642162142,-0.3920765155509863,-0.026541863277250933
2013-08-06 08:10:21,-0.08655285683728307,0.05555890071343238,0.013575157633227577
2013-08-06 08:25:21,0.06953513025084818,0.2955538135468374,0.00948777887238369
2013-08-06 08:40:21,0.09355204904724627,0.8636222342163316,0.012352351445052338
2013-08-06 08:55:21,0.19716199153291378,1.3659624453121149,0.018115663171543957
2013-08-06 09:10:22,0.19754093363272993,1.5505092706139563,0.011844128936759103
2013-08-06 09:25:22,0.1871085190136987,1.5998018669976843,0.01630041160384431
2013-08-06 09:40:22,0.17880767622232532,1.7133161637371526,0.015217193679156686
2013-08-06 09:55:22,0.19850683373143752,1.728584799447356,0.02059311166076217
2013-08-06 10:10:22,0.1905531679962915,1.8036641422145536,0.017048161186513134
2013-08-06 10:25:22,0.21412362987972258,1.8658194508650205,0.0229107792074338
2013-08-06 10:40:22,0.20249479193363704,1.8244618355638433,0.022277751929901494
2013-08-06 10:55:22,0.19573753789462353,1.852760080582541,0.023667661299448466
2013-08-06 11:10:22,0.2054832757462571,1.8330769854901197,0.01451743907727469
2013-08-06 11:25:22,0.20830313846849086,1.847517354850414,0.011202782987987518
2013-08-06 11:40:22,0.20357955186720292,1.825009570871402,0.01051455834602575
2013-08-06 11:55:22,0.19579009828882074,1.788133534430814,0.009720811271424507
