ADCP_Location,Lsmaj,Lsmin,frq,g,lat,lind,name,reftime,theta,umean,vmean
DG1,1.2292118343621223,0.01207675380533646,0.08051140067050361,182.30242704489388,42.002822000000414,47.0,M2  ,734906.8506944445,117.11927932055379,-0.24681842216252978,-0.003764062234516658
DG1,0.22757070938744584,0.00485524509633041,0.08333333333333333,233.9159073109136,42.002822000000414,56.0,S2  ,734906.8506944445,120.16584274116445,-0.24681842216252978,-0.003764062234516658
DG1,0.14034861498315637,-0.02501432942161467,0.16125094954875066,205.57592783898917,42.002822000000414,81.0,M4  ,734906.8506944445,1.856149670888712,-0.24681842216252978,-0.003764062234516658
DG1,0.08127235010031776,-0.009690532294054546,0.00282193266282973,82.81102219903728,42.002822000000414,5.0,MSF ,734906.8506944445,161.29505881370844,-0.24681842216252978,-0.003764062234516658
DG1,0.062066514606845605,-0.01834541893245956,0.241876424323126,255.49678409832023,42.002822000000414,105.0,M6  ,734906.8506944445,143.00397948455415,-0.24681842216252978,-0.003764062234516658
DG1,0.04265512320563154,0.0070192523816872375,0.3225018990975013,191.97648112500423,42.002822000000414,124.0,M8  ,734906.8506944445,140.21080471262945,-0.24681842216252978,-0.003764062234516658
DG1,0.04107580694631475,0.006214562427058062,0.16407288221158037,241.95161205099498,42.002822000000414,85.0,MS4 ,734906.8506944445,9.816323354993699,-0.24681842216252978,-0.003764062234516658
DG1,0.038958501422853585,-0.0022035398265564665,0.04178074622152369,302.7496871433153,42.002822000000414,20.0,K1  ,734906.8506944445,120.21152500868627,-0.24681842216252978,-0.003764062234516658
DG1,0.025382358655048426,-0.004644661038307721,0.03873065444897992,256.9365268713819,42.002822000000414,12.0,O1  ,734906.8506944445,133.4797483149943,-0.24681842216252978,-0.003764062234516658
DG1,0.02235875285085761,-0.007127496499442152,0.2446983569859557,344.98562823675644,42.002822000000414,109.0,2MS6,734906.8506944445,108.67501311844384,-0.24681842216252978,-0.003764062234516658
DG1,0.013065629567693736,0.0027014657117033023,0.12076710100575543,41.03586510202038,42.002822000000414,68.0,M3  ,734906.8506944445,132.09637286436637,-0.24681842216252978,-0.003764062234516658
DG1,0.010189180594672019,-0.002157659982061207,0.16689481487441007,254.0880838482346,42.002822000000414,88.0,S4  ,734906.8506944445,45.37857445055427,-0.24681842216252978,-0.003764062234516658
DG1,0.006530155629040864,0.0015776219060134144,0.20314576987414606,287.5876715224165,42.002822000000414,95.0,2MK5,734906.8506944445,129.6337444524331,-0.24681842216252978,-0.003764062234516658
DG1,0.0064639109599752866,-0.0016176201884223053,0.24752028964878542,69.14870561541105,42.002822000000414,112.0,2SM6,734906.8506944445,81.04090407209011,-0.24681842216252978,-0.003764062234516658
DG1,0.005588103102203022,0.0003583288806812456,0.20878963519980548,243.24125887627594,42.002822000000414,98.0,2SK5,734906.8506944445,130.8308922321848,-0.24681842216252978,-0.003764062234516658
DG1,0.0046576823023467264,-0.0013641749505066126,0.28377124464852144,306.6206176900323,42.002822000000414,119.0,3MK7,734906.8506944445,121.46288727618236,-0.24681842216252978,-0.003764062234516658
DG1,0.0026497182426390795,0.0015767628304628582,0.12534222776260046,93.73061776894876,42.002822000000414,73.0,SK3 ,734906.8506944445,109.20452109199267,-0.24681842216252978,-0.003764062234516658
DG2,1.8116822483823916,-0.02011670895343176,0.08051140067050819,181.2310222296531,41.288693666663846,47.0,M2  ,734916.1006944445,112.65898433787098,0.11742854632664018,-0.011326905891901634
DG2,0.3731255744240675,-0.005839409740316381,0.08333333333333333,231.5088299648964,41.288693666663846,56.0,S2  ,734916.1006944445,113.19350622838897,0.11742854632664018,-0.011326905891901634
DG2,0.3068493335460724,-0.004506589602044475,0.07899924870149465,165.92146694237675,41.288693666663846,41.0,N2  ,734916.1006944445,113.99093084402256,0.11742854632664018,-0.011326905891901634
DG2,0.14274896668964238,0.010214594480964623,0.24187642432313888,301.2221740449623,41.288693666663846,105.0,M6  ,734916.1006944445,112.60038782882621,0.11742854632664018,-0.011326905891901634
DG2,0.065730014436954,0.002761966565541736,0.24469835698596404,352.93574672775196,41.288693666663846,109.0,2MS6,734916.1006944445,109.63310466336752,0.11742854632664018,-0.011326905891901634
DG2,0.06550414099401486,0.0011637516239820789,0.08202355263952173,173.5451320668671,41.288693666663846,53.0,L2  ,734916.1006944445,111.12020146745178,0.11742854632664018,-0.011326905891901634
DG2,0.06147609535618428,0.01840784959610734,0.16125094954875926,163.1260050113873,41.288693666663846,81.0,M4  ,734916.1006944445,147.85035747994277,0.11742854632664018,-0.011326905891901634
DG2,0.05089157239205397,-0.0016953860587949586,0.07768946800768305,298.5053679973871,41.288693666663846,39.0,MU2 ,734916.1006944445,108.56025418611287,0.11742854632664018,-0.011326905891901634
DG2,0.05056689060098646,0.003103228665339918,0.24045256952545585,284.7469911041944,41.288693666663846,102.0,2MN6,734916.1006944445,111.47879633214089,0.11742854632664018,-0.011326905891901634
DG2,0.04282574732727065,-0.0011778641107966815,0.04178074622152417,303.20817376591236,41.288693666663846,20.0,K1  ,734916.1006944445,113.04942293288684,0.11742854632664018,-0.011326905891901634
DG2,0.025785322046486626,0.01157739555471822,0.32250189909751853,259.61725217305184,41.288693666663846,124.0,M8  ,734916.1006944445,122.08517584449231,0.11742854632664018,-0.011326905891901634
DG2,0.027044660379472153,0.0030934790677299533,0.03873065444898402,274.3522387474,41.288693666663846,12.0,O1  ,734916.1006944445,107.4813913276783,0.11742854632664018,-0.011326905891901634
DG2,0.022860726227381126,0.0051020968133041415,0.16407288221158442,231.6975885836859,41.288693666663846,85.0,MS4 ,734916.1006944445,158.8048984958873,0.11742854632664018,-0.011326905891901634
DG2,0.0203365883188733,0.00547015069516949,0.15982709475107623,144.3297794660618,41.288693666663846,78.0,MN4 ,734916.1006944445,145.5827552467909,0.11742854632664018,-0.011326905891901634
DG2,0.017486770805884413,0.009922825936701553,0.00282193266282514,51.131757551742446,41.288693666663846,5.0,MSF ,734916.1006944445,21.516163517702005,0.11742854632664018,-0.011326905891901634
DG2,0.018037849318479432,0.0015921777382809348,0.0015121519690135426,31.502366817195448,41.288693666663846,4.0,MM  ,734916.1006944445,19.3889460774736,0.11742854632664018,-0.011326905891901634
DG2,0.017229127307473866,0.00024876959059662654,0.08507364441206187,74.36181151549388,41.288693666663846,60.0,ETA2,734916.1006944445,124.0183429667438,0.11742854632664018,-0.011326905891901634
DG2,0.012927735341635337,-0.0034605490640322806,0.0761773160386695,234.90000370561154,41.288693666663846,34.0,EPS2,734916.1006944445,123.88672690375799,0.11742854632664018,-0.011326905891901634
DG2,0.012226357599588643,-0.0005097236913080283,0.2475202896487892,26.77225065109353,41.288693666663846,112.0,2SM6,734916.1006944445,109.87495200434839,0.11742854632664018,-0.011326905891901634
DG2,0.010926073734995052,0.00019489672262800947,0.11958428833307866,38.215122155636365,41.288693666663846,67.0,MO3 ,734916.1006944445,117.75891474623722,0.11742854632664018,-0.011326905891901634
DG2,0.0105510658608997,8.553384476757755e-05,0.2087896351998052,231.66741046561367,41.288693666663846,98.0,2SK5,734916.1006944445,110.14333844515943,0.11742854632664018,-0.011326905891901634
DG2,0.009014984876531938,0.0019976391242305467,0.1626490274139014,140.18019358441433,41.288693666663846,83.0,SN4 ,734916.1006944445,157.95565260958838,0.11742854632664018,-0.011326905891901634
DG2,0.007994237798280035,-2.7156016903045338e-05,0.1253422277626004,239.970114612364,41.288693666663846,73.0,SK3 ,734916.1006944445,110.43184389692725,0.11742854632664018,-0.011326905891901634
DG2,0.006984693418769911,0.0011761375430827726,0.12252029509977524,180.21548224241332,41.288693666663846,71.0,MK3 ,734916.1006944445,96.66704644502394,0.11742854632664018,-0.011326905891901634
DG2,0.006583754731313213,1.7037210127731316e-05,0.03721850247997048,272.88751513813656,41.288693666663846,10.0,Q1  ,734916.1006944445,104.59641261203643,0.11742854632664018,-0.011326905891901634
DG2,0.006443813207722466,-0.00021069528964243927,0.16689481487440957,281.69577602809136,41.288693666663846,88.0,S4  ,734916.1006944445,120.5024997998992,0.11742854632664018,-0.011326905891901634
DG2,0.006058980446969352,-0.0012984858285013928,0.043292898190537714,306.3794761814201,41.288693666663846,24.0,J1  ,734916.1006944445,92.8685709124479,0.11742854632664018,-0.011326905891901634
DG2,0.005145139048628034,-0.0009368705664353858,0.12076710100576228,262.67767328459547,41.288693666663846,68.0,M3  ,734916.1006944445,125.94296960356087,0.11742854632664018,-0.011326905891901634
DG2,0.004791497439349649,0.0006025383286029158,0.03439656981714534,262.85855570506243,41.288693666663846,7.0,ALP1,734916.1006944445,128.39617443682056,0.11742854632664018,-0.011326905891901634
DG2,0.004735478180856255,-0.00039591793543209417,0.04483083799406431,43.22324268340083,41.288693666663846,27.0,OO1 ,734916.1006944445,77.10096461154669,0.11742854632664018,-0.011326905891901634
DG2,0.004530954215863876,-0.0010339152253482776,0.2031457698741549,13.642076252425227,41.288693666663846,95.0,2MK5,734916.1006944445,127.15896106677056,0.11742854632664018,-0.011326905891901634
DG2,0.00426978533904843,0.0011831425051685924,0.04634298996307786,46.24018577610073,41.288693666663846,28.0,UPS1,734916.1006944445,102.7857976856211,0.11742854632664018,-0.011326905891901634
DG2,0.004419387613789922,9.658729777450381e-05,0.035706350510956934,51.84238873480756,41.288693666663846,8.0,2Q1 ,734916.1006944445,117.91704657040353,0.11742854632664018,-0.011326905891901634
DG2,0.0037130817489128528,-0.0013435194117721327,0.04026859425251062,325.45610430852537,41.288693666663846,15.0,NO1 ,734916.1006944445,116.427600501278,0.11742854632664018,-0.011326905891901634
DG2,0.0025432211546729906,-1.6071092513619042e-06,0.2837712446485345,64.85996574389216,41.288693666663846,119.0,3MK7,734916.1006944445,144.41032235609157,0.11742854632664018,-0.011326905891901634
DG3,1.9683668999041941,-0.0025183810374231896,0.08051140067051082,184.20871626681026,44.70009233333369,47.0,M2  ,734921.4027777778,107.46382462846182,0.05898271442091658,-0.052040839519724186
DG3,0.3981093418385834,-0.0032503488160636196,0.08333333333333333,233.6308520379681,44.70009233333369,56.0,S2  ,734921.4027777778,107.59150081645983,0.05898271442091658,-0.052040839519724186
DG3,0.3536893061948181,0.0029836697226384434,0.07899924870148879,168.64593115410486,44.70009233333369,41.0,N2  ,734921.4027777778,107.41142300437588,0.05898271442091658,-0.052040839519724186
DG3,0.10795254775696084,0.00045789451938343245,0.24187642432314638,310.7021215538699,44.70009233333369,105.0,M6  ,734921.4027777778,105.77509238898996,0.05898271442091658,-0.052040839519724186
DG3,0.08283289084396253,0.00440003178002852,0.08202355263953286,180.45243857765,44.70009233333369,53.0,L2  ,734921.4027777778,109.63829331560987,0.05898271442091658,-0.052040839519724186
DG3,0.06858100574806997,0.00891637872412459,0.16125094954876426,175.4386841573247,44.70009233333369,81.0,M4  ,734921.4027777778,107.16937659574495,0.05898271442091658,-0.052040839519724186
DG3,0.0502080823319493,-0.0013894659584663405,0.2404525695254746,290.91358109656085,44.70009233333369,102.0,2MN6,734921.4027777778,105.12859987870834,0.05898271442091658,-0.052040839519724186
DG3,0.04969529650345218,0.0005737763227111232,0.2446983569859689,1.8187415815089025,44.70009233333369,109.0,2MS6,734921.4027777778,104.19317735059442,0.05898271442091658,-0.052040839519724186
DG3,0.04354245042474635,0.0005419729939950199,0.041780746221524445,302.35576885882983,44.70009233333369,20.0,K1  ,734921.4027777778,106.09599188855562,0.05898271442091658,-0.052040839519724186
DG3,0.0375849619163615,-0.0030182252035229166,0.07768946800768832,307.74788958221194,44.70009233333369,39.0,MU2 ,734921.4027777778,106.47465620127828,0.05898271442091658,-0.052040839519724186
DG3,0.02855131581324036,-0.0005802229642247678,0.03873065444898638,271.2940387417592,44.70009233333369,12.0,O1  ,734921.4027777778,104.96737192886705,0.05898271442091658,-0.052040839519724186
DG3,0.028109774824688863,0.0021359325367300477,0.08507364441207094,110.81997336150063,44.70009233333369,60.0,ETA2,734921.4027777778,104.77600369485633,0.05898271442091658,-0.052040839519724186
DG3,0.02193708134904635,0.001974179308284753,0.16407288221158678,239.7410516997243,44.70009233333369,85.0,MS4 ,734921.4027777778,116.11458627530664,0.05898271442091658,-0.052040839519724186
DG3,0.020538557912979885,0.0019204902980885907,0.15982709475109247,168.50311075438492,44.70009233333369,78.0,MN4 ,734921.4027777778,118.7401694759691,0.05898271442091658,-0.052040839519724186
DG3,0.013755805265870228,0.0010185183926119954,0.03721850247996433,247.01850375124104,44.70009233333369,10.0,Q1  ,734921.4027777778,106.69676136844545,0.05898271442091658,-0.052040839519724186
DG3,0.010381993979026618,0.0006143128409141062,0.162649027413915,155.61693968005022,44.70009233333369,83.0,SN4 ,734921.4027777778,111.88118576922557,0.05898271442091658,-0.052040839519724186
DG3,0.010094705385282675,0.0018650375010988967,0.07617731603866627,123.81731671563604,44.70009233333369,34.0,EPS2,734921.4027777778,118.07916975111792,0.05898271442091658,-0.052040839519724186
DG3,0.009108081498695037,0.004196011209883274,0.002821932662822509,221.16270203528617,44.70009233333369,5.0,MSF ,734921.4027777778,179.0683586091097,0.05898271442091658,-0.052040839519724186
DG3,0.008094802500372577,0.00227654539737869,0.3225018990975285,103.46116752301057,44.70009233333369,124.0,M8  ,734921.4027777778,111.99427733941735,0.05898271442091658,-0.052040839519724186
DG3,0.007746437023134646,-0.001167027874328013,0.24752028964879141,37.574925376127496,44.70009233333369,112.0,2SM6,734921.4027777778,113.02079097450195,0.05898271442091658,-0.052040839519724186
DG3,0.007107851975879872,-0.001528234414419395,0.11958428833308407,34.13834057481982,44.70009233333369,67.0,MO3 ,734921.4027777778,109.37352392799436,0.05898271442091658,-0.052040839519724186
DG3,0.0072433901500669,0.00023385634411830954,0.208789635199805,234.82464166526125,44.70009233333369,98.0,2SK5,734921.4027777778,105.90241824139301,0.05898271442091658,-0.052040839519724186
DG3,0.006953784502064936,0.0007042266943452619,0.043292898190546485,270.33968209147514,44.70009233333369,24.0,J1  ,734921.4027777778,101.27008029612622,0.05898271442091658,-0.052040839519724186
DG3,0.006175908254114388,-0.0028329930285192575,0.001512151969022043,23.711809902387444,44.70009233333369,4.0,MM  ,734921.4027777778,2.8867887302693624,0.05898271442091658,-0.052040839519724186
DG3,0.0063163569538466705,-0.0011259026553580168,0.03570635051094229,73.65297325851256,44.70009233333369,8.0,2Q1 ,734921.4027777778,101.80619204118176,0.05898271442091658,-0.052040839519724186
DG3,0.005793707505943489,2.0831192043169796e-05,0.03439656981714183,288.4619683440517,44.70009233333369,7.0,ALP1,734921.4027777778,105.6607722181704,0.05898271442091658,-0.052040839519724186
DG3,0.005288334714342302,-0.0007212196863994056,0.12534222776260037,242.91102427247068,44.70009233333369,73.0,SK3 ,734921.4027777778,112.92438103045677,0.05898271442091658,-0.052040839519724186
DG3,0.004713145009105673,-0.00173872764675862,0.16689481487440927,220.2342399412334,44.70009233333369,88.0,S4  ,734921.4027777778,136.49072471968682,0.05898271442091658,-0.052040839519724186
DG3,0.004344496938043593,-0.0001474867793136202,0.04483083799406251,60.49264448802974,44.70009233333369,27.0,OO1 ,734921.4027777778,82.80999365167484,0.05898271442091658,-0.052040839519724186
DG3,0.003857324232996572,0.000763943540600045,0.20314576987416,1.4783774286624976,44.70009233333369,95.0,2MK5,734921.4027777778,129.50805970123213,0.05898271442091658,-0.052040839519724186
DG3,0.003476237938522933,-0.001175935874451644,0.12252029509977788,150.16533182863162,44.70009233333369,71.0,MK3 ,734921.4027777778,99.0591844646896,0.05898271442091658,-0.052040839519724186
DG3,0.0034626703798162767,-0.0008130086841693128,0.040268594252502406,274.55844756473374,44.70009233333369,15.0,NO1 ,734921.4027777778,96.93435576415713,0.05898271442091658,-0.052040839519724186
DG3,0.002930769009425715,0.0007882616603054752,0.28377124464854214,209.96267101806984,44.70009233333369,119.0,3MK7,734921.4027777778,97.40383907200868,0.05898271442091658,-0.052040839519724186
DG3,0.0016662352551303394,-0.0005272062379323423,0.12076710100576622,277.62516279653147,44.70009233333369,68.0,M3  ,734921.4027777778,123.54169256115576,0.05898271442091658,-0.052040839519724186
DG3,0.0015341670520267283,0.00021460858639748106,0.04634298996308456,275.2115487062266,44.70009233333369,28.0,UPS1,734921.4027777778,101.61652223573932,0.05898271442091658,-0.052040839519724186
DG4,1.8340386672570812,0.01595899205701834,0.0805114006705109,180.30961026016806,41.40328733333072,47.0,M2  ,734921.517361111,126.77466606731646,0.035725051634747575,0.06270831437521521
DG4,0.3808633534209369,0.006121584380825523,0.08333333333333333,228.92252700308313,41.40328733333072,56.0,S2  ,734921.517361111,127.12293452713229,0.035725051634747575,0.06270831437521521
DG4,0.3218544053553537,-0.0011395518497228918,0.07899924870148865,166.23353559536247,41.40328733333072,41.0,N2  ,734921.517361111,127.61088060562129,0.035725051634747575,0.06270831437521521
DG4,0.1305084238043559,-0.005223554102265424,0.24187642432314654,293.6153277766317,41.40328733333072,105.0,M6  ,734921.517361111,127.532198022196,0.035725051634747575,0.06270831437521521
DG4,0.07999935406883252,-0.003352873613514884,0.08202355263953312,173.718724877316,41.40328733333072,53.0,L2  ,734921.517361111,125.84985169055253,0.035725051634747575,0.06270831437521521
DG4,0.0657062321827792,-0.0019176743794213774,0.24469835698596903,342.3889391218962,41.40328733333072,109.0,2MS6,734921.517361111,127.26797254384934,0.035725051634747575,0.06270831437521521
DG4,0.0537889269503436,-0.0029596894172709623,0.24045256952547506,279.4378837939544,41.40328733333072,102.0,2MN6,734921.517361111,129.29739617945177,0.035725051634747575,0.06270831437521521
DG4,0.04788015826481723,0.0009268364006106526,0.07768946800768844,318.87494852247397,41.40328733333072,39.0,MU2 ,734921.517361111,123.93648285557532,0.035725051634747575,0.06270831437521521
DG4,0.04727400759967407,-0.001465890271679992,0.04178074622152445,297.08319463503784,41.40328733333072,20.0,K1  ,734921.517361111,124.6706946793403,0.035725051634747575,0.06270831437521521
DG4,0.037485066386930374,0.023922193450672313,0.16125094954876437,200.3073682863654,41.40328733333072,81.0,M4  ,734921.517361111,174.2702501025035,0.035725051634747575,0.06270831437521521
DG4,0.027217839743910937,0.013355793986679392,0.002821932662822452,78.52941571732033,41.40328733333072,5.0,MSF ,734921.517361111,85.19787362895323,0.035725051634747575,0.06270831437521521
DG4,0.029714420103313644,0.003104138109658757,0.038730654448986435,277.3264702444766,41.40328733333072,12.0,O1  ,734921.517361111,126.57194485470137,0.035725051634747575,0.06270831437521521
DG4,0.019861876851145734,0.006144598345342821,0.32250189909752874,267.8091389748307,41.40328733333072,124.0,M8  ,734921.517361111,112.43801511719724,0.035725051634747575,0.06270831437521521
DG4,0.018217672029892766,-0.002837474844861432,0.0015121519690222262,25.677850877604946,41.40328733333072,4.0,MM  ,734921.517361111,87.77334995056768,0.035725051634747575,0.06270831437521521
DG4,0.013732703379873161,0.006021967280268497,0.15982709475109286,189.53609539806297,41.40328733333072,78.0,MN4 ,734921.517361111,172.53416220720393,0.035725051634747575,0.06270831437521521
DG4,0.013761982854759113,-0.0009334378065797289,0.24752028964879147,8.090918758441049,41.40328733333072,112.0,2SM6,734921.517361111,124.98753490478123,0.035725051634747575,0.06270831437521521
DG4,0.011740736382618888,0.006391145785713549,0.16407288221158683,85.54223725528492,41.40328733333072,85.0,MS4 ,734921.517361111,9.134246068767396,0.035725051634747575,0.06270831437521521
DG4,0.011492631368656126,0.0009559602856606579,0.07617731603866622,178.5109828592665,41.40328733333072,34.0,EPS2,734921.517361111,120.99589730053007,0.035725051634747575,0.06270831437521521
DG4,0.010757003993660062,-0.0014397181110158983,0.11958428833308418,26.894022041697767,41.40328733333072,67.0,MO3 ,734921.517361111,133.63269667229562,0.035725051634747575,0.06270831437521521
DG4,0.010657400597497207,-0.0019987756272922125,0.08507364441207114,86.14926945889913,41.40328733333072,60.0,ETA2,734921.517361111,121.55704721011601,0.035725051634747575,0.06270831437521521
DG4,0.009484849128460687,0.002822189591808654,0.03721850247996421,273.38351808822983,41.40328733333072,10.0,Q1  ,734921.517361111,130.0936360170607,0.035725051634747575,0.06270831437521521
DG4,0.009763368329354552,0.0011405728209784097,0.03439656981714175,277.97751711968436,41.40328733333072,7.0,ALP1,734921.517361111,131.15953221823577,0.035725051634747575,0.06270831437521521
DG4,0.008571451819483808,0.0007222115519746669,0.20878963519980506,229.29658360902195,41.40328733333072,98.0,2SK5,734921.517361111,136.53682986251087,0.035725051634747575,0.06270831437521521
DG4,0.006299144148799999,0.000396300241364095,0.043292898190546686,291.74189689761454,41.40328733333072,24.0,J1  ,734921.517361111,114.5920324748746,0.035725051634747575,0.06270831437521521
DG4,0.006204017473239125,0.0010465845820024208,0.1253422277626004,311.15773167512265,41.40328733333072,73.0,SK3 ,734921.517361111,122.33537102829023,0.035725051634747575,0.06270831437521521
DG4,0.005263483726431901,-0.00040611796726291744,0.16264902741391532,50.08888754616709,41.40328733333072,83.0,SN4 ,734921.517361111,57.90336085070786,0.035725051634747575,0.06270831437521521
DG4,0.005171984502796389,0.0007254366559169413,0.1668948148744093,266.29200475653465,41.40328733333072,88.0,S4  ,734921.517361111,126.34312172502058,0.035725051634747575,0.06270831437521521
DG4,0.005033824192130222,-0.00023690424260433074,0.12076710100576633,309.6140259195163,41.40328733333072,68.0,M3  ,734921.517361111,120.71943156206135,0.035725051634747575,0.06270831437521521
DG4,0.0049568591250886695,0.00023799459460098786,0.03570635051094198,119.02452836877815,41.40328733333072,8.0,2Q1 ,734921.517361111,126.27202010214799,0.035725051634747575,0.06270831437521521
DG4,0.0042296716957391,-0.0018526609483483444,0.04026859425250223,323.0790825048004,41.40328733333072,15.0,NO1 ,734921.517361111,124.77749097523764,0.035725051634747575,0.06270831437521521
DG4,0.004398600007782635,0.0006590596112861689,0.0463429899630847,358.23792090857967,41.40328733333072,28.0,UPS1,734921.517361111,115.94308605969765,0.035725051634747575,0.06270831437521521
DG4,0.0038736967422363317,0.0017667938922790536,0.12252029509977794,204.36226173479724,41.40328733333072,71.0,MK3 ,734921.517361111,73.89442529778232,0.035725051634747575,0.06270831437521521
DG4,0.004240611344308377,-0.00014500572216418666,0.2837712446485423,119.24487690323801,41.40328733333072,119.0,3MK7,734921.517361111,122.15541450682159,0.035725051634747575,0.06270831437521521
DG4,0.003358196769704307,0.001433189590735926,0.044830837994062483,59.11122281331403,41.40328733333072,27.0,OO1 ,734921.517361111,125.32338779838472,0.035725051634747575,0.06270831437521521
DG4,0.002889486534959603,0.0002836127374381751,0.20314576987416014,359.5691198022716,41.40328733333072,95.0,2MK5,734921.517361111,140.76544515198646,0.035725051634747575,0.06270831437521521
DG5,0.9065781467505624,0.037872317293357716,0.0805114006705069,175.24068251127397,44.70594700000235,47.0,M2  ,734913.5,114.28756315313207,0.05800764596306647,0.11397514029722094
DG5,0.16947042221698888,0.0017519053094503245,0.08333333333333333,223.73735140129958,44.70594700000235,56.0,S2  ,734913.5,115.02358691284327,0.05800764596306647,0.11397514029722094
DG5,0.12357577680653521,0.0005928945877497344,0.07899924870149752,156.69548114419473,44.70594700000235,41.0,N2  ,734913.5,113.047748695839,0.05800764596306647,0.11397514029722094
DG5,0.10947516836712269,0.024083856072501394,0.16125094954875682,50.36727747440955,44.70594700000235,81.0,M4  ,734913.5,70.20707269258777,0.05800764596306647,0.11397514029722094
DG5,0.06663772983853758,-0.022517106479833467,0.24187642432313522,325.15685220599545,44.70594700000235,105.0,M6  ,734913.5,113.3440048211643,0.05800764596306647,0.11397514029722094
DG5,0.047112181968279494,0.003773895058795329,0.0028219326628264305,64.58670899819177,44.70594700000235,5.0,MSF ,734913.5,84.45721479093733,0.05800764596306647,0.11397514029722094
DG5,0.03724512009089412,-0.007678325544490957,0.24469835698596168,17.342823905812807,44.70594700000235,109.0,2MS6,734913.5,96.66577544026303,0.05800764596306647,0.11397514029722094
DG5,0.03295870298892796,0.013271552800871094,0.16407288221158328,80.51893683835124,44.70594700000235,85.0,MS4 ,734913.5,75.48995322008612,0.05800764596306647,0.11397514029722094
DG5,0.03139227159477876,-0.002176169032369191,0.24045256952544666,300.6575810921997,44.70594700000235,102.0,2MN6,734913.5,97.52043149566607,0.05800764596306647,0.11397514029722094
DG5,0.028146820422327933,0.006648685417506161,0.32250189909751364,294.00056846733855,44.70594700000235,124.0,M8  ,734913.5,89.35840037011101,0.05800764596306647,0.11397514029722094
DG5,0.02782704436353738,0.004326812988668809,0.04178074622152403,297.24964663694703,44.70594700000235,20.0,K1  ,734913.5,114.52529712933256,0.05800764596306647,0.11397514029722094
DG5,0.024791632664045913,0.0055043794156765385,0.03873065444898286,267.02785719343217,44.70594700000235,12.0,O1  ,734913.5,101.99769870505638,0.05800764596306647,0.11397514029722094
DG5,0.01634270251588774,0.006319619443867994,0.15982709475106827,20.643416015743398,44.70594700000235,78.0,MN4 ,734913.5,76.16822270373432,0.05800764596306647,0.11397514029722094
DG5,0.011748608478540047,0.004075150009054203,0.03721850247997349,314.32193950417116,44.70594700000235,10.0,Q1  ,734913.5,127.55823764016893,0.05800764596306647,0.11397514029722094
DG5,0.010967666955998368,0.0003354412577195225,0.24752028964878814,76.56592497587197,44.70594700000235,112.0,2SM6,734913.5,90.24339408260391,0.05800764596306647,0.11397514029722094
DG5,0.009232834578188812,-0.0015770728663813032,0.12252029509977397,187.5641742748355,44.70594700000235,71.0,MK3 ,734913.5,65.62335130610013,0.05800764596306647,0.11397514029722094
DG5,0.00607914014786615,0.0029815637104276104,0.0432928981905334,341.8833098408344,44.70594700000235,24.0,J1  ,734913.5,147.42166572528743,0.05800764596306647,0.11397514029722094
DG5,0.006436166454488035,-0.0015592944211386536,0.04483083799406518,98.06986056723981,44.70594700000235,27.0,OO1 ,734913.5,165.34731991487678,0.05800764596306647,0.11397514029722094
DG5,0.0062716897185374956,0.0008947415536151382,0.20878963519980526,212.09641228965035,44.70594700000235,98.0,2SK5,734913.5,159.71258949004377,0.05800764596306647,0.11397514029722094
DG5,0.005510853855763165,-0.0026562420976933097,0.119584288333076,345.41088547878564,44.70594700000235,67.0,MO3 ,734913.5,143.52815871082186,0.05800764596306647,0.11397514029722094
DG5,0.004559883885722789,0.0009407262839754406,0.046342989963074566,329.2586749682805,44.70594700000235,28.0,UPS1,734913.5,152.97245243078598,0.05800764596306647,0.11397514029722094
DG5,0.0037286610549321663,-0.002778941858414823,0.08507364441205743,306.7527813665249,44.70594700000235,60.0,ETA2,734913.5,117.5999089779621,0.05800764596306647,0.11397514029722094
DG5,0.0033730821504199754,-0.002862324658074621,0.1253422277626004,286.9338043617448,44.70594700000235,73.0,SK3 ,734913.5,121.99585805138801,0.05800764596306647,0.11397514029722094
DG5,0.003674382823169841,-0.001351782704917058,0.20314576987415237,219.29853311019937,44.70594700000235,95.0,2MK5,734913.5,120.4196383046539,0.05800764596306647,0.11397514029722094
DG5,0.003682601988031911,0.0009900674224017953,0.12076710100576034,240.6376326180603,44.70594700000235,68.0,M3  ,734913.5,135.11930657732785,0.05800764596306647,0.11397514029722094
DG5,0.0033812765439148107,0.00117514417047564,0.28377124464853076,87.64181179120746,44.70594700000235,119.0,3MK7,734913.5,35.798268199562415,0.05800764596306647,0.11397514029722094
DG5,0.003351006585763255,-4.427825866967251e-05,0.04026859425251465,303.4808749983083,44.70594700000235,15.0,NO1 ,734913.5,120.63658807541073,0.05800764596306647,0.11397514029722094
DG5,0.0018569405673829467,0.0007927392222848591,0.035706350510964116,287.6631750985738,44.70594700000235,8.0,2Q1 ,734913.5,62.30325366577494,0.05800764596306647,0.11397514029722094
DG5,0.001814469070941212,1.4765179184003706e-06,0.1668948148744097,352.13768126911486,44.70594700000235,88.0,S4  ,734913.5,105.95603115909016,0.05800764596306647,0.11397514029722094
GP3,0.48568216568087075,-0.05365699449674888,0.08051140067059574,327.3851774174708,44.515822333332686,47.0,M2  ,735092.5,93.52668504073014,0.056756414433597,0.023402581973952945
GP3,0.07287349246464929,-0.032685184524714556,0.2418764243233868,112.16082624138623,44.515822333332686,105.0,M6  ,735092.5,103.24678344689762,0.056756414433597,0.023402581973952945
GP3,0.06406049522092021,-0.0189476444627981,0.07899924870129939,286.617504548292,44.515822333332686,41.0,N2  ,735092.5,100.48230955398827,0.056756414433597,0.023402581973952945
GP3,0.06311641004097644,-0.013259253975247048,0.08333333333333333,24.503151970283326,44.515822333332686,56.0,S2  ,735092.5,88.99360597488186,0.056756414433597,0.023402581973952945
GP3,0.05259479439016962,-0.004197997086709062,0.16125094954892452,22.20015389565833,44.515822333332686,81.0,M4  ,735092.5,90.81208850671564,0.056756414433597,0.023402581973952945
GP3,0.028452174855558468,-0.016335466251551106,0.24045256952607902,73.88153165740712,44.515822333332686,102.0,2MN6,735092.5,101.1500949127024,0.056756414433597,0.023402581973952945
GP3,0.024906057690273868,-0.010048778249692664,0.24469835698612438,157.58467267983724,44.515822333332686,109.0,2MS6,735092.5,103.74851289230702,0.056756414433597,0.023402581973952945
GP3,0.022336803741480248,-0.004206769694881398,0.15982709475161674,338.0701126587663,44.515822333332686,78.0,MN4 ,735092.5,86.06140913608903,0.056756414433597,0.023402581973952945
GP3,0.020435655174113623,-0.0063308037066277575,0.32250189909784904,342.3233341822428,44.515822333332686,124.0,M8  ,735092.5,67.39247463664097,0.056756414433597,0.023402581973952945
GP3,0.018121672630929845,0.003766716538318408,0.04634298996330089,300.32339023265934,44.515822333332686,28.0,UPS1,735092.5,100.88998683768817,0.056756414433597,0.023402581973952945
GP3,0.01784480004836384,-0.003681968669659391,0.1640728822116621,49.644541482593056,44.515822333332686,85.0,MS4 ,735092.5,97.86706348570614,0.056756414433597,0.023402581973952945
GP3,0.012602700450963594,-0.002603938145638489,0.04178074622153343,78.86018126866485,44.515822333332686,20.0,K1  ,735092.5,102.89296260434966,0.056756414433597,0.023402581973952945
GP3,0.008642896634935593,-0.003357826516923237,0.0850736444123632,168.14348257525262,44.515822333332686,60.0,ETA2,735092.5,85.6153972039119,0.056756414433597,0.023402581973952945
GP3,0.008681120967782301,0.0027490100248905264,0.04483083799400455,335.3551066564584,44.515822333332686,27.0,OO1 ,735092.5,78.91618500220865,0.056756414433597,0.023402581973952945
GP3,0.009027067157213345,-0.0005344205832259578,0.20314576987432448,282.5724333465532,44.515822333332686,95.0,2MK5,735092.5,69.55146685827987,0.056756414433597,0.023402581973952945
GP3,0.007153836963334174,0.003110281574807353,0.2837712446487867,232.26932540798498,44.515822333332686,119.0,3MK7,735092.5,93.5192088892124,0.056756414433597,0.023402581973952945
GP3,0.006612371966077777,-0.0012763897798512103,0.16689481487439972,73.93283615285566,44.515822333332686,88.0,S4  ,735092.5,91.29196700955875,0.056756414433597,0.023402581973952945
GP3,0.006511919952035987,-0.0015314716782003747,0.035706350510469616,232.0627370357193,44.515822333332686,8.0,2Q1 ,735092.5,155.27877079740654,0.056756414433597,0.023402581973952945
GP3,0.004429823685523039,-0.002082684965272598,0.03873065444906231,61.75443335387185,44.515822333332686,12.0,O1  ,735092.5,82.51634592471424,0.056756414433597,0.023402581973952945
GP3,0.004568288448482676,-0.0003571317262470713,0.04329289819082977,154.94112697665696,44.515822333332686,24.0,J1  ,735092.5,108.13155705343353,0.056756414433597,0.023402581973952945
GP3,0.004522367248240133,0.000569630112069704,0.0028219326627376014,37.930320241222134,44.515822333332686,5.0,MSF ,735092.5,44.03058264591312,0.056756414433597,0.023402581973952945
GP3,0.0038018080377858407,-0.001976327077224703,0.1195842883332581,108.08068209696552,44.515822333332686,67.0,MO3 ,735092.5,104.4919345408564,0.056756414433597,0.023402581973952945
GP3,0.004082255970684892,0.0008264262391180265,0.04026859425223708,115.95574527376162,44.515822333332686,15.0,NO1 ,735092.5,81.18544907266435,0.056756414433597,0.023402581973952945
GP3,0.0041260358514624215,1.0742226764272073e-05,0.20878963519979968,115.64794444428617,44.515822333332686,98.0,2SK5,735092.5,72.99802510670244,0.056756414433597,0.023402581973952945
GP3,0.002982227810329111,0.0022152656829895682,0.12534222776259982,317.12338061214336,44.515822333332686,73.0,SK3 ,735092.5,102.57227714758203,0.056756414433597,0.023402581973952945
GP3,0.002935397285977262,-0.0021168196183071492,0.1225202950998622,14.874201264648207,44.515822333332686,71.0,MK3 ,735092.5,141.65133592248347,0.056756414433597,0.023402581973952945
GP3,0.002716326617278297,-0.00039989248823080886,0.037218502479765964,134.22352882838817,44.515822333332686,10.0,Q1  ,735092.5,31.008970070634447,0.056756414433597,0.023402581973952945
GP3,0.002350205411614406,0.0009914521919480994,0.24752028964886197,69.82785939509817,44.515822333332686,112.0,2SM6,735092.5,158.61816614471263,0.056756414433597,0.023402581973952945
GP3,0.0023362409430344165,-0.00047387755300512915,0.1207671010058936,208.91594765248675,44.515822333332686,68.0,M3  ,735092.5,16.61132150893353,0.056756414433597,0.023402581973952945
GP4,2.434535062152688,-0.0041256407990981625,0.08051140067059574,331.55678991592174,44.863798999999894,47.0,M2  ,735092.5,110.90369425062441,0.06827863075166796,0.1136924287940376
GP4,0.3093011189305225,0.017545715731033,0.08333333333333333,24.754582912152202,44.863798999999894,56.0,S2  ,735092.5,111.33982235354512,0.06827863075166796,0.1136924287940376
GP4,0.2919205697053123,0.033222967848271306,0.07899924870129939,293.0103454192773,44.863798999999894,41.0,N2  ,735092.5,108.37801898023685,0.06827863075166796,0.1136924287940376
GP4,0.25472107409129374,0.006196832717515879,0.2418764243233868,118.07051865596064,44.863798999999894,105.0,M6  ,735092.5,114.17746336961983,0.06827863075166796,0.1136924287940376
GP4,0.07554918262414896,0.0045018520809471385,0.24045256952607902,66.92431747027501,44.863798999999894,102.0,2MN6,735092.5,114.34579694684125,0.06827863075166796,0.1136924287940376
GP4,0.05933732608276495,-0.040421095946115516,0.16125094954892452,178.41672128288516,44.863798999999894,81.0,M4  ,735092.5,136.91665787300298,0.06827863075166796,0.1136924287940376
GP4,0.07102905871737965,0.0016579282956471486,0.24469835698612438,166.73772470886064,44.863798999999894,109.0,2MS6,735092.5,113.98237244613082,0.06827863075166796,0.1136924287940376
GP4,0.03205077129510206,0.0018021337559482424,0.04178074622153343,96.11661204316398,44.863798999999894,20.0,K1  ,735092.5,110.45056600694133,0.06827863075166796,0.1136924287940376
GP4,0.021242489177801464,-0.006492023604326427,0.32250189909784904,292.34858251992375,44.863798999999894,124.0,M8  ,735092.5,158.18088287704367,0.06827863075166796,0.1136924287940376
GP4,0.019796477749969073,-0.0005975606411203985,0.03873065444906231,67.67756930368488,44.863798999999894,12.0,O1  ,735092.5,109.93513787447421,0.06827863075166796,0.1136924287940376
GP4,0.015685696824485163,0.005346678350772857,0.0028219326627376014,106.32431592894011,44.863798999999894,5.0,MSF ,735092.5,114.73950397379616,0.06827863075166796,0.1136924287940376
GP4,0.013179778474170345,-0.007267606480615728,0.1640728822116621,255.47651812658137,44.863798999999894,85.0,MS4 ,735092.5,121.36928591045847,0.06827863075166796,0.1136924287940376
GP4,0.014608004851703268,0.0031325231945779916,0.0850736444123632,180.92965049881468,44.863798999999894,60.0,ETA2,735092.5,121.49334054249157,0.06827863075166796,0.1136924287940376
GP4,0.010430018112280216,0.0015486924033345046,0.24752028964886197,137.70192621737658,44.863798999999894,112.0,2SM6,735092.5,111.61403704841109,0.06827863075166796,0.1136924287940376
GP4,0.008924112955784255,-0.0038586806043423945,0.15982709475161674,269.8902066766029,44.863798999999894,78.0,MN4 ,735092.5,38.44292012427074,0.06827863075166796,0.1136924287940376
GP4,0.005859474901035749,0.0005028872445869046,0.04329289819082977,173.41655095836944,44.863798999999894,24.0,J1  ,735092.5,127.14592794967515,0.06827863075166796,0.1136924287940376
GP4,0.004701570090347125,0.0028879962444140353,0.20314576987432448,160.39647289464313,44.863798999999894,95.0,2MK5,735092.5,111.34808829379674,0.06827863075166796,0.1136924287940376
GP4,0.004842902095381083,-0.001256750267284054,0.04026859425223708,278.25349665951796,44.863798999999894,15.0,NO1 ,735092.5,117.74152466042565,0.06827863075166796,0.1136924287940376
GP4,0.004477065188450575,-0.0010861246638955062,0.04483083799400455,300.2391705407491,44.863798999999894,27.0,OO1 ,735092.5,38.83846298195606,0.06827863075166796,0.1136924287940376
GP4,0.004405599630831333,-0.0008840585022679378,0.20878963519979968,113.79197377892444,44.863798999999894,98.0,2SK5,735092.5,114.71991322584034,0.06827863075166796,0.1136924287940376
GP4,0.004171999679163617,-0.0015355901914683166,0.1207671010058936,65.02374546864387,44.863798999999894,68.0,M3  ,735092.5,116.46981233854464,0.06827863075166796,0.1136924287940376
GP4,0.004139859567487803,0.0001918511204781117,0.04634298996330089,333.53917832752535,44.863798999999894,28.0,UPS1,735092.5,46.479747020482456,0.06827863075166796,0.1136924287940376
GP4,0.00413050459752917,-3.200415815211811e-05,0.1195842883332581,143.0594037338397,44.863798999999894,67.0,MO3 ,735092.5,165.55946367065897,0.06827863075166796,0.1136924287940376
GP4,0.0032707115298332935,0.0011048021579734973,0.2837712446487867,190.25223984505593,44.863798999999894,119.0,3MK7,735092.5,70.56366601133615,0.06827863075166796,0.1136924287940376
GP4,0.003234703058875267,0.0007629665296752961,0.1225202950998622,275.3564453907474,44.863798999999894,71.0,MK3 ,735092.5,128.60750137230752,0.06827863075166796,0.1136924287940376
GP4,0.002847884267774145,0.0004622579390775826,0.037218502479765964,284.05141579359736,44.863798999999894,10.0,Q1  ,735092.5,91.16494079286406,0.06827863075166796,0.1136924287940376
GP4,0.0026507358990983457,-0.000987007144952306,0.035706350510469616,272.1982318905366,44.863798999999894,8.0,2Q1 ,735092.5,170.37652709446053,0.06827863075166796,0.1136924287940376
GP4,0.002251246089822401,0.0010272055612617062,0.16689481487439972,339.21260936738935,44.863798999999894,88.0,S4  ,735092.5,103.53522901698938,0.06827863075166796,0.1136924287940376
GP4,0.0023398671612470104,-0.0006589215325351079,0.12534222776259982,190.86790356903705,44.863798999999894,73.0,SK3 ,735092.5,18.795418388735527,0.06827863075166796,0.1136924287940376
GP5,0.4126904905017418,0.06550489480074254,0.08051140067059574,321.16052292257046,44.28190499999878,47.0,M2  ,735092.5,79.85893632180606,0.17486162327846339,0.10071895986109071
GP5,0.09579155267753882,0.04421045451654439,0.16125094954892452,304.6252156575557,44.28190499999878,81.0,M4  ,735092.5,1.684211216305588,0.17486162327846339,0.10071895986109071
GP5,0.06259013418601794,0.002678565260045066,0.2418764243233868,123.96690639992819,44.28190499999878,105.0,M6  ,735092.5,39.48097625849336,0.17486162327846339,0.10071895986109071
GP5,0.0451663158126461,-0.004486042561025527,0.08333333333333333,6.816951978450291,44.28190499999878,56.0,S2  ,735092.5,86.65827869739176,0.17486162327846339,0.10071895986109071
GP5,0.04491288884069541,0.001301633946571172,0.07899924870129939,288.6754653250052,44.28190499999878,41.0,N2  ,735092.5,84.03054456913549,0.17486162327846339,0.10071895986109071
GP5,0.038969526670503796,-0.007663245133582141,0.32250189909784904,296.98757547183027,44.28190499999878,124.0,M8  ,735092.5,168.45610586775712,0.17486162327846339,0.10071895986109071
GP5,0.02263972308470168,0.018856801672136877,0.1640728822116621,6.1809596274629826,44.28190499999878,85.0,MS4 ,735092.5,23.00103358453292,0.17486162327846339,0.10071895986109071
GP5,0.020273465478606055,0.014340806328608229,0.15982709475161674,44.90325812449173,44.28190499999878,78.0,MN4 ,735092.5,154.1892946882074,0.17486162327846339,0.10071895986109071
GP5,0.021465309292759964,0.008643079399551636,0.0028219326627376014,55.25579129049228,44.28190499999878,5.0,MSF ,735092.5,60.920937111158814,0.17486162327846339,0.10071895986109071
GP5,0.021843409210188305,0.005732239351646391,0.24045256952607902,77.57144890927863,44.28190499999878,102.0,2MN6,735092.5,31.38514608083599,0.17486162327846339,0.10071895986109071
GP5,0.022145408776521942,-0.0012131453104413555,0.24469835698612438,183.62709907838854,44.28190499999878,109.0,2MS6,735092.5,54.48199317034921,0.17486162327846339,0.10071895986109071
GP5,0.013651381073375787,0.0015071108270283528,0.037218502479765964,106.35105458518514,44.28190499999878,10.0,Q1  ,735092.5,130.93385456009992,0.17486162327846339,0.10071895986109071
GP5,0.010740119029538335,-0.005467528434367456,0.04178074622153343,51.755665677824254,44.28190499999878,20.0,K1  ,735092.5,66.85083331565423,0.17486162327846339,0.10071895986109071
GP5,0.010114455677995047,-0.0037198800104396293,0.1225202950998622,169.92256359849512,44.28190499999878,71.0,MK3 ,735092.5,104.40441733398289,0.17486162327846339,0.10071895986109071
GP5,0.0090512798293591,-0.005231725471856718,0.04329289819082977,66.80214408550917,44.28190499999878,24.0,J1  ,735092.5,110.49419746603911,0.17486162327846339,0.10071895986109071
GP5,0.009545721913210669,0.003622712318715322,0.1195842883332581,160.3191199309555,44.28190499999878,67.0,MO3 ,735092.5,143.21860622433724,0.17486162327846339,0.10071895986109071
GP5,0.00783300950177948,0.005865464330290669,0.04634298996330089,140.0129304379339,44.28190499999878,28.0,UPS1,735092.5,174.62047385002114,0.17486162327846339,0.10071895986109071
GP5,0.008741439646220548,-0.002893860289004358,0.04483083799400455,58.56460296287021,44.28190499999878,27.0,OO1 ,735092.5,113.68336037807958,0.17486162327846339,0.10071895986109071
GP5,0.007568320768542008,-0.0012962337390039868,0.1207671010058936,41.48932869160874,44.28190499999878,68.0,M3  ,735092.5,99.72968144285447,0.17486162327846339,0.10071895986109071
GP5,0.007246867959760407,-0.0007249296892017625,0.12534222776259982,275.74006504543195,44.28190499999878,73.0,SK3 ,735092.5,92.99100713755496,0.17486162327846339,0.10071895986109071
GP5,0.005853743833938713,0.0033996665069373454,0.0850736444123632,163.06673477590905,44.28190499999878,60.0,ETA2,735092.5,118.73845595805079,0.17486162327846339,0.10071895986109071
GP5,0.006152933029667447,-0.0003921908484458797,0.04026859425223708,30.04664800198171,44.28190499999878,15.0,NO1 ,735092.5,126.48902513692332,0.17486162327846339,0.10071895986109071
GP5,0.005960059938633199,-0.0008129537398789115,0.2837712446487867,14.861983319232323,44.28190499999878,119.0,3MK7,735092.5,133.84593619077756,0.17486162327846339,0.10071895986109071
GP5,0.005752656561618382,-0.0011260950232880249,0.20314576987432448,272.5327918810422,44.28190499999878,95.0,2MK5,735092.5,132.97828494011844,0.17486162327846339,0.10071895986109071
GP5,0.005297892974290957,0.0009081716259609599,0.24752028964886197,91.81260217354719,44.28190499999878,112.0,2SM6,735092.5,4.671677878709879,0.17486162327846339,0.10071895986109071
GP5,0.004926767062224563,-0.0009242901826774534,0.03873065444906231,133.25548100994084,44.28190499999878,12.0,O1  ,735092.5,90.27473383895419,0.17486162327846339,0.10071895986109071
GP5,0.00403653662972908,0.0013060388585467808,0.035706350510469616,253.72916462091496,44.28190499999878,8.0,2Q1 ,735092.5,141.71845846935344,0.17486162327846339,0.10071895986109071
GP5,0.002494615799368667,-0.0002474075521337097,0.20878963519979968,106.4786479621883,44.28190499999878,98.0,2SK5,735092.5,103.05382621837924,0.17486162327846339,0.10071895986109071
GP5,0.0021095473148848203,-0.0012378955872943285,0.16689481487439972,29.586606730349843,44.28190499999878,88.0,S4  ,735092.5,176.02128561944943,0.17486162327846339,0.10071895986109071
PP1,1.5775487310257879,0.003593055807346479,0.08051140067062361,332.1108745207106,44.31809033333536,47.0,M2  ,735148.6840277778,95.99635561136037,-0.1265150843278614,0.46868059013001456
PP1,0.2598715117983137,0.05270661431819004,0.1612509495489771,291.91415286590984,44.31809033333536,81.0,M4  ,735148.6840277778,92.74393972906456,-0.1265150843278614,0.46868059013001456
PP1,0.26050006046721486,-0.00902804145472813,0.08333333333333333,357.7235774201599,44.31809033333536,56.0,S2  ,735148.6840277778,95.57750031794143,-0.1265150843278614,0.46868059013001456
PP1,0.25904088385274915,-0.019977561746149813,0.07899924870123719,323.4594981373455,44.31809033333536,41.0,N2  ,735148.6840277778,89.18064522440686,-0.1265150843278614,0.46868059013001456
PP1,0.10495321802881608,-0.01916298616668132,0.08202355264001003,343.1670650991813,44.31809033333536,53.0,L2  ,735148.6840277778,109.19265866461384,-0.1265150843278614,0.46868059013001456
PP1,0.10589903974802953,0.011094066940686036,0.24187642432346562,120.2897701326833,44.31809033333536,105.0,M6  ,735148.6840277778,103.32506867137393,-0.1265150843278614,0.46868059013001456
PP1,0.08697878706419679,0.007197717371641356,0.15982709475178886,279.3481129773912,44.31809033333536,78.0,MN4 ,735148.6840277778,90.25409148994923,-0.1265150843278614,0.46868059013001456
PP1,0.0855542357178482,0.0026596686097893896,0.3225018990979542,81.77577013313518,44.31809033333536,124.0,M8  ,735148.6840277778,88.25880045485961,-0.1265150843278614,0.46868059013001456
PP1,0.06877240529187027,0.007980506649751876,0.24469835698617537,149.60064019888767,44.31809033333536,109.0,2MS6,735148.6840277778,102.39724820349642,-0.1265150843278614,0.46868059013001456
PP1,0.055254409141038636,-0.030724468175016527,0.07768946800791389,112.87530252466132,44.31809033333536,39.0,MU2 ,735148.6840277778,121.24282824024172,-0.1265150843278614,0.46868059013001456
PP1,0.06199307128472345,0.008956033160470164,0.1640728822116868,321.7393588082663,44.31809033333536,85.0,MS4 ,735148.6840277778,95.42710050521404,-0.1265150843278614,0.46868059013001456
PP1,0.05488238513077806,-0.0012002110661391494,0.16264902741449858,229.4038025809499,44.31809033333536,83.0,SN4 ,735148.6840277778,94.7489024308912,-0.1265150843278614,0.46868059013001456
PP1,0.053031044214495504,0.0022878969014734664,0.24045256952627742,110.58803685996754,44.31809033333536,102.0,2MN6,735148.6840277778,105.01128006835968,-0.1265150843278614,0.46868059013001456
PP1,0.04710012958276974,-0.014106321465259381,0.002821932662709721,14.647151383965848,44.31809033333536,5.0,MSF ,735148.6840277778,109.91716792002589,-0.1265150843278614,0.46868059013001456
PP1,0.044702304292339054,0.008017233656225885,0.08507364441245917,339.01366968899015,44.31809033333536,60.0,ETA2,735148.6840277778,40.56219827995297,-0.1265150843278614,0.46868059013001456
PP1,0.025806976442487944,0.020090440108157373,0.001512151969386421,67.43636595299427,44.31809033333536,4.0,MM  ,735148.6840277778,100.7096817181691,-0.1265150843278614,0.46868059013001456
PP1,0.02410654298010846,-0.011406506839089614,0.07617731603852747,219.9323676262341,44.31809033333536,34.0,EPS2,735148.6840277778,148.62873008573985,-0.1265150843278614,0.46868059013001456
PP1,0.01588037154610044,0.004444759970465263,0.034396569816991095,125.95512967146094,44.31809033333536,7.0,ALP1,735148.6840277778,102.70861749990303,-0.1265150843278614,0.46868059013001456
PP1,0.015419389139821823,0.0008633173290931301,0.04026859425214995,131.4341762177623,44.31809033333536,15.0,NO1 ,735148.6840277778,102.03631974823188,-0.1265150843278614,0.46868059013001456
PP1,0.014865172036458582,-0.003213783182508953,0.038730654449087236,86.11947968554615,44.31809033333536,12.0,O1  ,735148.6840277778,63.91126465008194,-0.1265150843278614,0.46868059013001456
PP1,0.013631604177005537,0.002986481697990549,0.04634298996337193,284.0051899139902,44.31809033333536,28.0,UPS1,735148.6840277778,121.68188166146294,-0.1265150843278614,0.46868059013001456
PP1,0.009545639786458653,-0.0009460648366213433,0.043292898190922795,14.62789177868774,44.31809033333536,24.0,J1  ,735148.6840277778,100.8605808480184,-0.1265150843278614,0.46868059013001456
PP1,0.009234188522584069,-0.0018436997915312367,0.03570635051031439,198.83709426285665,44.31809033333536,8.0,2Q1 ,735148.6840277778,55.47717360459612,-0.1265150843278614,0.46868059013001456
PP1,0.009280056418546175,-0.00025867803192879905,0.04483083799398551,348.9571376333839,44.31809033333536,27.0,OO1 ,735148.6840277778,83.69339539619064,-0.1265150843278614,0.46868059013001456
PP1,0.007583486498732887,-0.00507825760700761,0.1207671010059354,252.56264186794797,44.31809033333536,68.0,M3  ,735148.6840277778,143.19014049465153,-0.1265150843278614,0.46868059013001456
PP1,0.008168782966882136,0.00185742137455382,0.12534222776259957,244.07709078814196,44.31809033333536,73.0,SK3 ,735148.6840277778,51.59603787019478,-0.1265150843278614,0.46868059013001456
PP1,0.007240023973195209,0.0011226751561207683,0.11958428833331519,283.5842147099119,44.31809033333536,67.0,MO3 ,735148.6840277778,37.217970861865396,-0.1265150843278614,0.46868059013001456
PP1,0.005817262385860084,0.0024230129450995568,0.2031457698743784,76.08103206876876,44.31809033333536,95.0,2MK5,735148.6840277778,32.65311861149975,-0.1265150843278614,0.46868059013001456
PP1,0.005084530749182518,0.0036153433756447016,0.04178074622153637,15.707281153286544,44.31809033333536,20.0,K1  ,735148.6840277778,86.03413714773109,-0.1265150843278614,0.46868059013001456
PP1,0.004724539448337475,-0.002994206683864361,0.28377124464886694,278.28506459881294,44.31809033333536,119.0,3MK7,735148.6840277778,75.88598371737254,-0.1265150843278614,0.46868059013001456
PP1,0.00543431571964664,7.050631194662534e-05,0.16689481487439653,347.52638224016073,44.31809033333536,88.0,S4  ,735148.6840277778,50.70344039749256,-0.1265150843278614,0.46868059013001456
PP1,0.004882080563627329,0.001778181212403113,0.20878963519979785,225.16711193827487,44.31809033333536,98.0,2SK5,735148.6840277778,42.38838257072683,-0.1265150843278614,0.46868059013001456
PP1,0.004859830136399695,0.0017923420514759213,0.24752028964888506,219.75966138787658,44.31809033333536,112.0,2SM6,735148.6840277778,100.21734463306052,-0.1265150843278614,0.46868059013001456
PP1,0.004765333417255162,0.0013098951017282204,0.12252029509988986,145.46557112395593,44.31809033333536,71.0,MK3 ,735148.6840277778,26.70543968599231,-0.1265150843278614,0.46868059013001456
PP1,0.002252010497911027,0.000730074375496031,0.037218502479700814,314.5826741222445,44.31809033333536,10.0,Q1  ,735148.6840277778,176.64088502007968,-0.1265150843278614,0.46868059013001456
PP2,2.5011034164693218,0.015523565655527038,0.08051140067062158,332.0220219765509,43.82588300000099,47.0,M2  ,735144.6180555555,103.24808038610625,-0.12992050796795931,0.06970037214089066
PP2,0.4050914966383895,0.003677328783185191,0.07899924870124168,321.26297298216946,43.82588300000099,41.0,N2  ,735144.6180555555,105.21714190095005,-0.12992050796795931,0.06970037214089066
PP2,0.37368086829130015,0.009631249776823836,0.08333333333333333,8.75801283965734,43.82588300000099,56.0,S2  ,735144.6180555555,104.63724227309078,-0.12992050796795931,0.06970037214089066
PP2,0.21584869725084155,0.010323496808328128,0.24187642432345993,131.9338377686912,43.82588300000099,105.0,M6  ,735144.6180555555,103.88479926666794,-0.12992050796795931,0.06970037214089066
PP2,0.10024772615050603,0.0041318353783067335,0.24469835698617165,169.4708385406769,43.82588300000099,109.0,2MS6,735144.6180555555,104.29094782208642,-0.12992050796795931,0.06970037214089066
PP2,0.09629774265555731,0.0037619828709266334,0.24045256952626304,123.59883241036098,43.82588300000099,102.0,2MN6,735144.6180555555,104.50866000095316,-0.12992050796795931,0.06970037214089066
PP2,0.06867692549762344,-0.012197534535860113,0.1612509495489733,345.8600901458615,43.82588300000099,81.0,M4  ,735144.6180555555,138.69662912528574,-0.12992050796795931,0.06970037214089066
PP2,0.054492346378149564,0.004031902880968899,0.0850736444124522,261.0376489824049,43.82588300000099,60.0,ETA2,735144.6180555555,94.75570041000717,-0.12992050796795931,0.06970037214089066
PP2,0.0294204383847272,0.002216483618638314,0.002821932662711739,37.41405613012137,43.82588300000099,5.0,MSF ,735144.6180555555,126.36209620954332,-0.12992050796795931,0.06970037214089066
PP2,0.029242178216467574,0.0019208461096778904,0.1598270947517764,319.41594842016985,43.82588300000099,78.0,MN4 ,735144.6180555555,126.05369740694648,-0.12992050796795931,0.06970037214089066
PP2,0.028131121882721724,-0.0017406580418334351,0.04026859425215625,154.6355516356336,43.82588300000099,15.0,NO1 ,735144.6180555555,98.73893569575702,-0.12992050796795931,0.06970037214089066
PP2,0.02078747545777844,-0.005798440535490232,0.3225018990979466,238.49990111802654,43.82588300000099,124.0,M8  ,735144.6180555555,91.99963486661429,-0.12992050796795931,0.06970037214089066
PP2,0.020118328894482965,0.0009538069184386478,0.04178074622153616,87.98301627066,43.82588300000099,20.0,K1  ,735144.6180555555,105.08312106607468,-0.12992050796795931,0.06970037214089066
PP2,0.016568432197633255,-0.003477134663484981,0.044830837993986884,136.27679314090568,43.82588300000099,27.0,OO1 ,735144.6180555555,87.0150263079471,-0.12992050796795931,0.06970037214089066
PP2,0.016592949423887088,0.0031906903919386217,0.16407288221168503,340.74642839201863,43.82588300000099,85.0,MS4 ,735144.6180555555,133.90247396248958,-0.12992050796795931,0.06970037214089066
PP2,0.011339247456632718,0.0002452468638750897,0.2475202896488834,295.625975915131,43.82588300000099,112.0,2SM6,735144.6180555555,108.91100064141344,-0.12992050796795931,0.06970037214089066
PP2,0.00860054649104086,0.0004710797513723889,0.04329289819091606,100.50504843610155,43.82588300000099,24.0,J1  ,735144.6180555555,81.49899317178254,-0.12992050796795931,0.06970037214089066
PP2,0.008330580399699507,1.9056663222804734e-05,0.1253422277625996,242.87783850130424,43.82588300000099,73.0,SK3 ,735144.6180555555,99.41548788259882,-0.12992050796795931,0.06970037214089066
PP2,0.008135105587830978,0.0006949334684680526,0.2031457698743745,188.15342186546252,43.82588300000099,95.0,2MK5,735144.6180555555,99.20238441655871,-0.12992050796795931,0.06970037214089066
PP2,0.008104832070171562,0.0007912507498663429,0.12252029509988785,182.3923406191197,43.82588300000099,71.0,MK3 ,735144.6180555555,104.53837958500878,-0.12992050796795931,0.06970037214089066
PP2,0.007360347282929745,-0.00035198645106087603,0.03570635051032563,95.25249243844273,43.82588300000099,8.0,2Q1 ,735144.6180555555,110.82234293202833,-0.12992050796795931,0.06970037214089066
PP2,0.007076831960732242,0.0007077629705319697,0.20878963519979796,296.8174720690138,43.82588300000099,98.0,2SK5,735144.6180555555,95.19788979959395,-0.12992050796795931,0.06970037214089066
PP2,0.005635579020250349,-0.0003840313885044317,0.28377124464886117,307.17435860832234,43.82588300000099,119.0,3MK7,735144.6180555555,98.097191339366,-0.12992050796795931,0.06970037214089066
PP2,0.00512053424695871,0.0011330583807526396,0.03873065444908543,61.58345375698504,43.82588300000099,12.0,O1  ,735144.6180555555,50.82610577885969,-0.12992050796795931,0.06970037214089066
PP2,0.004206950154957836,0.002123114163675631,0.037218502479705526,356.0675622217651,43.82588300000099,10.0,Q1  ,735144.6180555555,35.446784843649645,-0.12992050796795931,0.06970037214089066
PP2,0.004269781728754554,0.0011639586928127424,0.046342989963366776,261.54016393085067,43.82588300000099,28.0,UPS1,735144.6180555555,149.703917065014,-0.12992050796795931,0.06970037214089066
PP2,0.003958832222153177,-0.0002905629770713445,0.1207671010059324,96.42593989000433,43.82588300000099,68.0,M3  ,735144.6180555555,131.97486721269232,-0.12992050796795931,0.06970037214089066
PP2,0.0024475645615579253,0.0005416531462094781,0.11958428833331106,245.5799556363892,43.82588300000099,67.0,MO3 ,735144.6180555555,73.05572968788059,-0.12992050796795931,0.06970037214089066
PP2,0.002231255791690025,-0.0009411339964113148,0.16689481487439675,328.57049226283243,43.82588300000099,88.0,S4  ,735144.6180555555,95.33179025093749,-0.12992050796795931,0.06970037214089066
PP3,2.6939045194968694,-0.03666452403337184,0.08051140067062158,332.351445845697,44.783634666666636,47.0,M2  ,735144.6215277778,86.34694917184706,-0.07869812505373597,-0.3042071613300409
PP3,0.43489059269705566,-1.79406477424926e-05,0.07899924870124168,319.41568258285906,44.783634666666636,41.0,N2  ,735144.6215277778,86.02107908763388,-0.07869812505373597,-0.3042071613300409
PP3,0.4158870490483051,0.00032358990691844225,0.08333333333333333,7.440917183426066,44.783634666666636,56.0,S2  ,735144.6215277778,86.06415232504872,-0.07869812505373597,-0.3042071613300409
PP3,0.22628318638736872,-0.010722322472586851,0.24187642432345993,132.22584389620033,44.783634666666636,105.0,M6  ,735144.6215277778,87.72123304983057,-0.07869812505373597,-0.3042071613300409
PP3,0.1665890846512978,-0.037631191487961804,0.1612509495489733,114.10746654871924,44.783634666666636,81.0,M4  ,735144.6215277778,78.55970881966311,-0.07869812505373597,-0.3042071613300409
PP3,0.11228875577439165,-0.003716151884820461,0.24045256952626304,124.14047574246437,44.783634666666636,102.0,2MN6,735144.6215277778,86.59627756621876,-0.07869812505373597,-0.3042071613300409
PP3,0.1042441512971593,-0.007927622507039885,0.24469835698617165,171.02340657229476,44.783634666666636,109.0,2MS6,735144.6215277778,86.04434796190947,-0.07869812505373597,-0.3042071613300409
PP3,0.07621155056078467,0.0026494803051533566,0.08507364441245223,262.70731868960274,44.783634666666636,60.0,ETA2,735144.6215277778,91.46879179115334,-0.07869812505373597,-0.3042071613300409
PP3,0.05539322015401188,-0.01153776756623505,0.3225018990979466,272.5221234777335,44.783634666666636,124.0,M8  ,735144.6215277778,86.16493450431962,-0.07869812505373597,-0.3042071613300409
PP3,0.04672290832355134,-0.01117306131218991,0.15982709475177642,101.63163573355878,44.783634666666636,78.0,MN4 ,735144.6215277778,76.17768021393184,-0.07869812505373597,-0.3042071613300409
PP3,0.03831849541703385,-0.006974932015251636,0.16407288221168503,161.00085090135764,44.783634666666636,85.0,MS4 ,735144.6215277778,72.50684646061038,-0.07869812505373597,-0.3042071613300409
PP3,0.034836572397944826,-0.005350065441505764,0.002821932662711737,214.20263544495964,44.783634666666636,5.0,MSF ,735144.6215277778,65.96619426062551,-0.07869812505373597,-0.3042071613300409
PP3,0.02846376864498778,0.004264141894540142,0.04483083799398688,133.4674695328871,44.783634666666636,27.0,OO1 ,735144.6215277778,79.94931540585176,-0.07869812505373597,-0.3042071613300409
PP3,0.026821518680787047,-0.0013647406795299355,0.03873065444908543,25.46616382071113,44.783634666666636,12.0,O1  ,735144.6215277778,74.00789524330096,-0.07869812505373597,-0.3042071613300409
PP3,0.02354385949503924,0.00018516012957135904,0.04178074622153616,69.76249035569434,44.783634666666636,20.0,K1  ,735144.6215277778,95.39201491553992,-0.07869812505373597,-0.3042071613300409
PP3,0.019996642191742485,-0.003417473035828837,0.04026859425215625,164.70901286916398,44.783634666666636,15.0,NO1 ,735144.6215277778,94.05253114937376,-0.07869812505373597,-0.3042071613300409
PP3,0.01731310124137693,0.0008496870117188169,0.04634298996336678,101.17977679829497,44.783634666666636,28.0,UPS1,735144.6215277778,57.990006705891126,-0.07869812505373597,-0.3042071613300409
PP3,0.01576420975034757,6.648844256026444e-05,0.037218502479705526,10.040116938310426,44.783634666666636,10.0,Q1  ,735144.6215277778,73.46941873987345,-0.07869812505373597,-0.3042071613300409
PP3,0.014936937106165848,0.0006226314738630584,0.043292898190916064,31.369040808430633,44.783634666666636,24.0,J1  ,735144.6215277778,87.45381548528906,-0.07869812505373597,-0.3042071613300409
PP3,0.014499979348506411,-0.0013705937965327805,0.1207671010059324,132.4285929151589,44.783634666666636,68.0,M3  ,735144.6215277778,69.50287567575576,-0.07869812505373597,-0.3042071613300409
PP3,0.01348501383316837,-0.002136011776460906,0.12252029509988785,238.38226048354426,44.783634666666636,71.0,MK3 ,735144.6215277778,68.37383097881916,-0.07869812505373597,-0.3042071613300409
PP3,0.01246608699911959,0.002877112962867587,0.03570635051032561,40.41136304541213,44.783634666666636,8.0,2Q1 ,735144.6215277778,90.87619561197425,-0.07869812505373597,-0.3042071613300409
PP3,0.011685706025314619,-0.0004967569529031142,0.2475202896488834,266.3448686570234,44.783634666666636,112.0,2SM6,735144.6215277778,79.15624358051164,-0.07869812505373597,-0.3042071613300409
PP3,0.011561993156244132,-0.0008993991136423832,0.2031457698743745,204.32459536718687,44.783634666666636,95.0,2MK5,735144.6215277778,90.8831965504771,-0.07869812505373597,-0.3042071613300409
PP3,0.008115225536063855,-0.003152979322096879,0.11958428833331106,253.20119957001106,44.783634666666636,67.0,MO3 ,735144.6215277778,76.08623631490683,-0.07869812505373597,-0.3042071613300409
PP3,0.007876008015691263,-0.0030554949762058945,0.1253422277625996,316.31850898297415,44.783634666666636,73.0,SK3 ,735144.6215277778,59.52959455434722,-0.07869812505373597,-0.3042071613300409
PP3,0.00797181841962504,0.0005742811396587054,0.28377124464886117,277.13875049458306,44.783634666666636,119.0,3MK7,735144.6215277778,94.7193984778304,-0.07869812505373597,-0.3042071613300409
PP3,0.005376727228263597,0.00041070209009228583,0.20878963519979796,255.98803838272113,44.783634666666636,98.0,2SK5,735144.6215277778,136.0995287119556,-0.07869812505373597,-0.3042071613300409
PP3,0.0017714217624256344,0.00026019018037890527,0.16689481487439675,326.00486910833655,44.783634666666636,88.0,S4  ,735144.6215277778,49.976358320501284,-0.07869812505373597,-0.3042071613300409
PP4,1.4720056014585612,-0.022116438811273786,0.08051140067062158,330.8501863667152,41.44056533333433,47.0,M2  ,735144.6180555555,79.96050015596896,-0.11255209576443684,-0.22761724392277222
PP4,0.26406089062208915,-0.004355150354804049,0.07899924870124168,322.03944546125405,41.44056533333433,41.0,N2  ,735144.6180555555,79.3476036245246,-0.11255209576443684,-0.22761724392277222
PP4,0.24905279384833992,0.0017964630474995025,0.08333333333333333,2.6513917522673296,41.44056533333433,56.0,S2  ,735144.6180555555,81.20650875609721,-0.11255209576443684,-0.22761724392277222
PP4,0.17898300555653632,0.05156541354800778,0.1612509495489733,111.71966309100394,41.44056533333433,81.0,M4  ,735144.6180555555,74.29742104518797,-0.11255209576443684,-0.22761724392277222
PP4,0.10033049864222193,-0.021525704033156658,0.24187642432345993,157.86196864822216,41.44056533333433,105.0,M6  ,735144.6180555555,75.92241589263082,-0.11255209576443684,-0.22761724392277222
PP4,0.06288217911364538,-0.012922147035880162,0.24045256952626304,141.76698534157845,41.44056533333433,102.0,2MN6,735144.6180555555,83.0963515995379,-0.11255209576443684,-0.22761724392277222
PP4,0.04855938382946625,0.016634973530718473,0.16407288221168503,148.57136576084713,41.44056533333433,85.0,MS4 ,735144.6180555555,84.11187829501873,-0.11255209576443684,-0.22761724392277222
PP4,0.050014838767442484,-0.008117149974108909,0.24469835698617165,185.4968061267989,41.44056533333433,109.0,2MS6,735144.6180555555,81.03492281041369,-0.11255209576443684,-0.22761724392277222
PP4,0.048009509780799126,0.006764260830065354,0.3225018990979466,303.7690801372322,41.44056533333433,124.0,M8  ,735144.6180555555,66.80128406299711,-0.11255209576443684,-0.22761724392277222
PP4,0.04825706531946971,-0.0033852392800560113,0.0850736444124522,233.38369648546114,41.44056533333433,60.0,ETA2,735144.6180555555,68.62531424071685,-0.11255209576443684,-0.22761724392277222
PP4,0.04277720189086204,0.01672160665274112,0.1598270947517764,107.3811322682462,41.44056533333433,78.0,MN4 ,735144.6180555555,80.09707761892795,-0.11255209576443684,-0.22761724392277222
PP4,0.023714254702140277,-0.005216826046754615,0.002821932662711739,190.0279387524403,41.44056533333433,5.0,MSF ,735144.6180555555,113.2109994272088,-0.11255209576443684,-0.22761724392277222
PP4,0.022739139243773812,0.0015057159922372085,0.04026859425215625,163.1347321866249,41.44056533333433,15.0,NO1 ,735144.6180555555,75.65363472012297,-0.11255209576443684,-0.22761724392277222
PP4,0.01679304074678596,0.00489186237513483,0.04178074622153616,44.80747708812851,41.44056533333433,20.0,K1  ,735144.6180555555,75.58453693402811,-0.11255209576443684,-0.22761724392277222
PP4,0.014436334173261435,-0.005216848758246448,0.046342989963366776,73.08233165503376,41.44056533333433,28.0,UPS1,735144.6180555555,73.06684299596239,-0.11255209576443684,-0.22761724392277222
PP4,0.013839692473497037,0.006543641511837207,0.044830837993986884,157.59837948669826,41.44056533333433,27.0,OO1 ,735144.6180555555,67.52114055444737,-0.11255209576443684,-0.22761724392277222
PP4,0.01294449718396188,0.0017646046130265674,0.04329289819091606,86.52685939049991,41.44056533333433,24.0,J1  ,735144.6180555555,49.2286377792785,-0.11255209576443684,-0.22761724392277222
PP4,0.011805226743129458,-0.005363788190943951,0.03570635051032563,74.48153585113266,41.44056533333433,8.0,2Q1 ,735144.6180555555,80.94487262732927,-0.11255209576443684,-0.22761724392277222
PP4,0.010900777601319587,0.0025774456790426115,0.12252029509988785,183.9909361536195,41.44056533333433,71.0,MK3 ,735144.6180555555,98.6077501103783,-0.11255209576443684,-0.22761724392277222
PP4,0.00936966218283954,0.002253904280268454,0.03873065444908543,64.45062784724422,41.44056533333433,12.0,O1  ,735144.6180555555,68.95378966867109,-0.11255209576443684,-0.22761724392277222
PP4,0.008440214080093836,-0.000981122540325612,0.1253422277625996,264.70986211113814,41.44056533333433,73.0,SK3 ,735144.6180555555,105.94779468166304,-0.11255209576443684,-0.22761724392277222
PP4,0.007996854538299753,0.001964518428452727,0.037218502479705526,348.12700486323007,41.44056533333433,10.0,Q1  ,735144.6180555555,49.432874665147466,-0.11255209576443684,-0.22761724392277222
PP4,0.0075960356974800955,-0.0023064083320394114,0.1207671010059324,145.30331564695962,41.44056533333433,68.0,M3  ,735144.6180555555,106.37191685317262,-0.11255209576443684,-0.22761724392277222
PP4,0.006106718564561573,0.00029333728427703926,0.20878963519979796,212.4494751331075,41.44056533333433,98.0,2SK5,735144.6180555555,65.4428040337725,-0.11255209576443684,-0.22761724392277222
PP4,0.004549761539367027,0.0014111174406829892,0.11958428833331106,49.98520888062548,41.44056533333433,67.0,MO3 ,735144.6180555555,3.137511147270086,-0.11255209576443684,-0.22761724392277222
PP4,0.003478361514016198,-0.00012325234743348294,0.2475202896488834,311.9003093787328,41.44056533333433,112.0,2SM6,735144.6180555555,66.01314037639885,-0.11255209576443684,-0.22761724392277222
PP4,0.0026365196498452427,0.0015379422929825645,0.28377124464886117,27.69631728336691,41.44056533333433,119.0,3MK7,735144.6180555555,118.29223550801021,-0.11255209576443684,-0.22761724392277222
PP4,0.0021242357841286382,0.0005685199905695964,0.16689481487439675,354.05357218110765,41.44056533333433,88.0,S4  ,735144.6180555555,47.064725642920884,-0.11255209576443684,-0.22761724392277222
PP4,0.0017016273644507329,1.6326657697266433e-05,0.2031457698743745,287.8378105849682,41.44056533333433,95.0,2MK5,735144.6180555555,108.15095437228892,-0.11255209576443684,-0.22761724392277222
PP5,0.6469036459341077,-0.058236113756829466,0.08051140067061895,338.3013425818474,44.57168500000267,47.0,M2  ,735139.2916666666,64.36374238280371,-0.1432326364634111,-0.10362230532024395
PP5,0.15563444797081305,-0.007091840495892357,0.08333333333333333,1.8955247257372037,44.57168500000267,56.0,S2  ,735139.2916666666,66.04755064708392,-0.1432326364634111,-0.10362230532024395
PP5,0.09565209825914503,-0.009121967402204882,0.16125094954896832,90.4402310287753,44.57168500000267,81.0,M4  ,735139.2916666666,68.01739780755697,-0.1432326364634111,-0.10362230532024395
PP5,0.0559271634514341,-0.01869696591529923,0.24187642432345247,197.64999795489496,44.57168500000267,105.0,M6  ,735139.2916666666,72.74914320622293,-0.1432326364634111,-0.10362230532024395
PP5,0.04975833449042577,-0.01431355164605301,0.24469835698616688,228.31733785763478,44.57168500000267,109.0,2MS6,735139.2916666666,67.97571380008586,-0.1432326364634111,-0.10362230532024395
PP5,0.041460308828301075,0.004068271473356651,0.1640728822116827,112.04634786469045,44.57168500000267,85.0,MS4 ,735139.2916666666,74.63153375999312,-0.1432326364634111,-0.10362230532024395
PP5,0.027637704601534464,-0.008969893100094464,0.32250189909793664,333.99247546534724,44.57168500000267,124.0,M8  ,735139.2916666666,60.544456563285635,-0.1432326364634111,-0.10362230532024395
PP5,0.02368725586916106,-0.00021784814114434413,0.03873065444908307,53.18815972414429,44.57168500000267,12.0,O1  ,735139.2916666666,57.26151012573713,-0.1432326364634111,-0.10362230532024395
PP5,0.012459692605471709,-0.0028415387276734764,0.24752028964888123,268.8040823368315,44.57168500000267,112.0,2SM6,735139.2916666666,63.67397482944688,-0.1432326364634111,-0.10362230532024395
PP5,0.008097932006022164,0.005529057968897771,0.04178074622153588,163.0303936950376,44.57168500000267,20.0,K1  ,735139.2916666666,156.22536961949604,-0.1432326364634111,-0.10362230532024395
PP5,0.006392223776236941,-0.002212981113318693,0.16689481487439708,191.04059427496773,44.57168500000267,88.0,S4  ,735139.2916666666,29.19325090179302,-0.1432326364634111,-0.10362230532024395
PP5,0.006305275873669928,-0.001935802543543647,0.20314576987436941,205.6371340858534,44.57168500000267,95.0,2MK5,735139.2916666666,55.269248872195405,-0.1432326364634111,-0.10362230532024395
PP5,0.006179607772047879,-0.002066074317743133,0.002821932662714382,204.36182792733064,44.57168500000267,5.0,MSF ,735139.2916666666,85.10686430525209,-0.1432326364634111,-0.10362230532024395
PP5,0.005736200981750528,-0.0005935633514730916,0.12076710100592843,124.55719744847296,44.57168500000267,68.0,M3  ,735139.2916666666,120.54478400355063,-0.1432326364634111,-0.10362230532024395
PP5,0.005092912193178861,-0.0001712668139706797,0.20878963519979818,118.79606447776055,44.57168500000267,98.0,2SK5,735139.2916666666,26.128855057755906,-0.1432326364634111,-0.10362230532024395
PP5,0.0043217993393992946,0.0013830708031732316,0.12534222776259962,239.18881037004888,44.57168500000267,73.0,SK3 ,735139.2916666666,130.83439882687958,-0.1432326364634111,-0.10362230532024395
PP5,0.003039657264942811,-0.000767222864660855,0.28377124464885356,20.837904849216407,44.57168500000267,119.0,3MK7,735139.2916666666,35.43694494821365,-0.1432326364634111,-0.10362230532024395
