ADCP_Location,Lsmaj,Lsmin,bottomFriction,frq,g,lat,lind,name,reftime,theta,umean,vmean
DG1,0.2675488342918923,-0.024257956983968557,wesley,0.08051140067044102,5.730044703553801,42.002822000000414,47.0,M2  ,734780.7638888889,105.68996989772327,-0.010409526281248194,-0.006343532435365543
DG1,0.05521966299045433,-0.00405137144347056,wesley,0.07899924870164445,337.49751041096994,42.002822000000414,41.0,N2  ,734780.7638888889,106.1947679405267,-0.010409526281248194,-0.006343532435365543
DG1,0.041247991165880286,-0.003103929048840187,wesley,0.08333333333333333,41.3080849492283,42.002822000000414,56.0,S2  ,734780.7638888889,104.84656379582967,-0.010409526281248194,-0.006343532435365543
DG1,0.010833474179644325,0.0017655578758104563,wesley,0.04178074622151706,89.64848949300278,42.002822000000414,20.0,K1  ,734780.7638888889,87.91484180964424,-0.010409526281248194,-0.006343532435365543
DG1,0.005191850100311089,-0.0028980428336458507,wesley,0.1612509495486325,298.80606092464654,42.002822000000414,81.0,M4  ,734780.7638888889,109.79330491540759,-0.010409526281248194,-0.006343532435365543
DG1,0.00501053099644393,0.003195115165490024,wesley,0.03873065444892396,64.98025579608898,42.002822000000414,12.0,O1  ,734780.7638888889,127.3551754560003,-0.010409526281248194,-0.006343532435365543
DG1,0.0021067756896580928,-0.0011629696337582707,wesley,0.15982709475066154,270.3151611511952,42.002822000000414,78.0,MN4 ,734780.7638888889,110.2120986344645,-0.010409526281248194,-0.006343532435365543
DG1,0.0020456945217682044,-0.000686427011240219,wesley,0.24187642432294876,343.82251451766706,42.002822000000414,105.0,M6  ,734780.7638888889,52.294387067993426,-0.010409526281248194,-0.006343532435365543
DG1,0.001980491547631499,7.224179234288988e-06,wesley,0.0028219326628923015,230.76044804679242,42.002822000000414,5.0,MSF ,734780.7638888889,20.451989567962805,-0.010409526281248194,-0.006343532435365543
DG1,0.001671515820548983,-0.0007803584574843538,wesley,0.16407288221152483,333.33160399345763,42.002822000000414,85.0,MS4 ,734780.7638888889,111.7731890228703,-0.010409526281248194,-0.006343532435365543
DG1,0.0017438761048643473,-0.00010522551557266401,wesley,0.08507364441183068,33.80202486111402,42.002822000000414,60.0,ETA2,734780.7638888889,100.1724293813231,-0.010409526281248194,-0.006343532435365543
DG1,0.0013393168944118511,-0.0004796261973157353,wesley,0.2404525695249778,315.25934324547995,42.002822000000414,102.0,2MN6,734780.7638888889,56.19332673194974,-0.010409526281248194,-0.006343532435365543
DG1,0.001062171660696093,-0.0003648953835212413,wesley,0.11958428833294102,171.19160936868929,42.002822000000414,67.0,MO3 ,734780.7638888889,86.66849244611407,-0.010409526281248194,-0.006343532435365543
DG1,0.0008387690381149644,-0.0005138422158573218,wesley,0.24469835698584108,14.411540620164082,42.002822000000414,109.0,2MS6,734780.7638888889,54.432843398200575,-0.010409526281248194,-0.006343532435365543
DG1,0.0004026195293566745,-0.0001535874112634015,wesley,0.04329289819031363,279.46962150751756,42.002822000000414,24.0,J1  ,734780.7638888889,47.7954000752807,-0.010409526281248194,-0.006343532435365543
DG1,0.00037198718705827995,-0.00014986549536523278,wesley,0.04026859425272048,37.824944712348184,42.002822000000414,15.0,NO1 ,734780.7638888889,170.14038940264447,-0.010409526281248194,-0.006343532435365543
DG1,0.0003303323897384861,-0.00013634817045493627,wesley,0.04483083799411016,149.05836279242536,42.002822000000414,27.0,OO1 ,734780.7638888889,164.80586939272993,-0.010409526281248194,-0.006343532435365543
DG1,0.0003092097940622322,-0.00011298415573273881,wesley,0.03721850248012738,126.48117401105836,42.002822000000414,10.0,Q1  ,734780.7638888889,6.892280364598342,-0.010409526281248194,-0.006343532435365543
DG1,0.0002988314026685277,-3.521818866653395e-05,wesley,0.2031457698740248,39.75777628767665,42.002822000000414,95.0,2MK5,734780.7638888889,81.54889718884286,-0.010409526281248194,-0.006343532435365543
DG1,0.00026753480960952064,-8.473799881902728e-05,wesley,0.12534222776260087,171.7355955193167,42.002822000000414,73.0,SK3 ,734780.7638888889,112.5301291247638,-0.010409526281248194,-0.006343532435365543
DG1,0.0001982035591439848,-5.727445221012928e-05,wesley,0.03570635051133081,134.3517980352758,42.002822000000414,8.0,2Q1 ,734780.7638888889,113.51765199898294,-0.010409526281248194,-0.006343532435365543
DG1,0.0001783969316710165,-3.72990174415916e-05,wesley,0.322501899097265,253.51169283924816,42.002822000000414,124.0,M8  ,734780.7638888889,49.10398298811929,-0.010409526281248194,-0.006343532435365543
DG1,0.00016071793237527088,-8.568285259769322e-05,wesley,0.2475202896487334,48.25775678558516,42.002822000000414,112.0,2SM6,734780.7638888889,69.48814661815882,-0.010409526281248194,-0.006343532435365543
DG1,0.0001727595034358493,5.4729375977271686e-05,wesley,0.12252029509970855,32.2695679914814,42.002822000000414,71.0,MK3 ,734780.7638888889,74.78162278684896,-0.010409526281248194,-0.006343532435365543
DG1,0.00016487806371536908,-6.896249580078681e-05,wesley,0.046342989962906735,91.84747070518627,42.002822000000414,28.0,UPS1,734780.7638888889,110.69883525725771,-0.010409526281248194,-0.006343532435365543
DG1,0.00013486490433159366,-4.1618493384613825e-05,wesley,0.12076710100566153,156.29308214460517,42.002822000000414,68.0,M3  ,734780.7638888889,17.74674361714898,-0.010409526281248194,-0.006343532435365543
DG1,0.00012698031507252583,-5.74285619648767e-05,wesley,0.16689481487441715,4.111644100478671,42.002822000000414,88.0,S4  ,734780.7638888889,116.50269462482365,-0.010409526281248194,-0.006343532435365543
DG1,7.968281569363244e-05,-1.8536353152253277e-05,wesley,0.283771244648341,0.18647037869567384,42.002822000000414,119.0,3MK7,734780.7638888889,103.17217227317087,-0.010409526281248194,-0.006343532435365543
DG1,5.9274326281528355e-05,-8.446523062718037e-06,wesley,0.20878963519980945,183.3195835566745,42.002822000000414,98.0,2SK5,734780.7638888889,100.5223041418398,-0.010409526281248194,-0.006343532435365543
DG2,0.5493394501936768,-0.1283120797029656,wesley,0.08051140067044102,25.24181774524709,41.288693666663846,47.0,M2  ,734780.7638888889,86.06796796514286,0.008499841382221462,0.013736667773226387
DG2,0.11960717118904707,-0.026744859677894806,wesley,0.07899924870164445,358.73082343064914,41.288693666663846,41.0,N2  ,734780.7638888889,85.10582841004853,0.008499841382221462,0.013736667773226387
DG2,0.08765818743645076,-0.018867135819837018,wesley,0.08333333333333333,60.17033462460861,41.288693666663846,56.0,S2  ,734780.7638888889,85.81774948913852,0.008499841382221462,0.013736667773226387
DG2,0.04100065782269911,-0.00591515838835073,wesley,0.04178074622151706,121.43041588459701,41.288693666663846,20.0,K1  ,734780.7638888889,69.89724621297074,0.008499841382221462,0.013736667773226387
DG2,0.014393914355926744,0.0007654342241448829,wesley,0.03873065444892396,56.01466583215347,41.288693666663846,12.0,O1  ,734780.7638888889,73.42131513586766,0.008499841382221462,0.013736667773226387
DG2,0.009350778392994079,0.0001573415989580924,wesley,0.1612509495486325,231.17422795168756,41.288693666663846,81.0,M4  ,734780.7638888889,67.74685154400184,0.008499841382221462,0.013736667773226387
DG2,0.004715441166431227,-0.00037690802413540116,wesley,0.24187642432294876,353.7304534232068,41.288693666663846,105.0,M6  ,734780.7638888889,36.64716191907428,0.008499841382221462,0.013736667773226387
DG2,0.004024056194414911,0.00011826885807928291,wesley,0.0028219326628923015,43.985269410978844,41.288693666663846,5.0,MSF ,734780.7638888889,68.95023962620219,0.008499841382221462,0.013736667773226387
DG2,0.003774247278484023,9.108900830577266e-05,wesley,0.15982709475066154,197.70960597820095,41.288693666663846,78.0,MN4 ,734780.7638888889,65.12760027036214,0.008499841382221462,0.013736667773226387
DG2,0.0029363371149348444,-0.00022839310531830239,wesley,0.2404525695249778,327.7954329756931,41.288693666663846,102.0,2MN6,734780.7638888889,39.17134869048722,0.008499841382221462,0.013736667773226387
DG2,0.0027897264734967207,-0.0007962589275432286,wesley,0.08507364441183068,58.58779409246968,41.288693666663846,60.0,ETA2,734780.7638888889,87.05335852819537,0.008499841382221462,0.013736667773226387
DG2,0.0026998806042628125,8.350320969710751e-05,wesley,0.16407288221152483,273.41584506369577,41.288693666663846,85.0,MS4 ,734780.7638888889,70.9311418431443,0.008499841382221462,0.013736667773226387
DG2,0.0025249426370808703,-0.0005979933374386919,wesley,0.11958428833294102,202.7706776911532,41.288693666663846,67.0,MO3 ,734780.7638888889,67.12098685313421,0.008499841382221462,0.013736667773226387
DG2,0.0022141060921908717,-0.00021703176918535095,wesley,0.24469835698584108,28.013476059092486,41.288693666663846,109.0,2MS6,734780.7638888889,42.23030140912878,0.008499841382221462,0.013736667773226387
DG2,0.0019782137277260543,5.188723555576687e-05,wesley,0.12252029509970855,291.35558215285494,41.288693666663846,71.0,MK3 ,734780.7638888889,49.17907109350262,0.008499841382221462,0.013736667773226387
DG2,0.0009252226227380475,9.15625475731524e-05,wesley,0.2031457698740248,60.241225442029126,41.288693666663846,95.0,2MK5,734780.7638888889,41.758659804801326,0.008499841382221462,0.013736667773226387
DG2,0.0007554008371923842,-0.0003446032490083198,wesley,0.322501899097265,149.55300891423732,41.288693666663846,124.0,M8  ,734780.7638888889,85.61360782385893,0.008499841382221462,0.013736667773226387
DG2,0.0006620048871032896,0.0002766821168802043,wesley,0.04483083799411016,123.07970029496116,41.288693666663846,27.0,OO1 ,734780.7638888889,89.03220281848036,0.008499841382221462,0.013736667773226387
DG2,0.0006031781432163815,0.00031560562319543666,wesley,0.03721850248012738,294.65728448817106,41.288693666663846,10.0,Q1  ,734780.7638888889,114.24138034267008,0.008499841382221462,0.013736667773226387
DG2,0.0006134647574341369,6.561532250051993e-05,wesley,0.04329289819031363,16.8849269401749,41.288693666663846,24.0,J1  ,734780.7638888889,33.11383138118772,0.008499841382221462,0.013736667773226387
DG2,0.0005119135547700028,-7.79449427833582e-05,wesley,0.2475202896487334,57.86941176889811,41.288693666663846,112.0,2SM6,734780.7638888889,54.50208878567214,0.008499841382221462,0.013736667773226387
DG2,0.00041843963854014025,0.00013470303218873233,wesley,0.12076710100566153,162.23204002058216,41.288693666663846,68.0,M3  ,734780.7638888889,41.683321650973824,0.008499841382221462,0.013736667773226387
DG2,0.0003322061703418201,-0.00020600471193967125,wesley,0.046342989962906735,140.0053604477739,41.288693666663846,28.0,UPS1,734780.7638888889,84.24532008409898,0.008499841382221462,0.013736667773226387
DG2,0.0002840959821585057,-0.00025447266084920094,wesley,0.12534222776260087,115.1098752064953,41.288693666663846,73.0,SK3 ,734780.7638888889,156.08731883411926,0.008499841382221462,0.013736667773226387
DG2,0.000369007596401387,7.345083892861256e-05,wesley,0.04026859425272048,50.76026270513776,41.288693666663846,15.0,NO1 ,734780.7638888889,170.25437821970053,0.008499841382221462,0.013736667773226387
DG2,0.00034910914539269496,-1.3378252845128115e-06,wesley,0.283771244648341,200.87280078659637,41.288693666663846,119.0,3MK7,734780.7638888889,91.66524482316498,0.008499841382221462,0.013736667773226387
DG2,0.00025226377828389964,-4.371841039254722e-05,wesley,0.20878963519980945,217.73715500265715,41.288693666663846,98.0,2SK5,734780.7638888889,79.89624644463638,0.008499841382221462,0.013736667773226387
DG2,0.00019932630303166288,-0.0001461029024550041,wesley,0.03570635051133081,139.78118698766278,41.288693666663846,8.0,2Q1 ,734780.7638888889,29.657347512544284,0.008499841382221462,0.013736667773226387
DG2,0.00018654715575248834,-1.0180221220679268e-05,wesley,0.16689481487441715,320.12788399806254,41.288693666663846,88.0,S4  ,734780.7638888889,80.87697109670711,0.008499841382221462,0.013736667773226387
DG3,0.17828682930999346,-0.04092857651750968,wesley,0.08051140067044102,206.09073954622744,44.70009233333369,47.0,M2  ,734780.7638888889,92.43043376261934,0.0005133006445744506,-0.14970365388320028
DG3,0.1040900486496891,-0.03087679270009936,wesley,0.1612509495486325,226.56362744005125,44.70009233333369,81.0,M4  ,734780.7638888889,98.65329697899124,0.0005133006445744506,-0.14970365388320028
DG3,0.03940141313389768,-0.010130715940057324,wesley,0.15982709475066154,200.44474971217568,44.70009233333369,78.0,MN4 ,734780.7638888889,96.7210514921247,0.0005133006445744506,-0.14970365388320028
DG3,0.03918315224315409,-0.0060485966417177135,wesley,0.07899924870164445,183.03212066053953,44.70009233333369,41.0,N2  ,734780.7638888889,89.03186382230965,0.0005133006445744506,-0.14970365388320028
DG3,0.03213006641713417,-0.007794984400218381,wesley,0.16407288221152483,265.3006934951399,44.70009233333369,85.0,MS4 ,734780.7638888889,97.9292233593835,0.0005133006445744506,-0.14970365388320028
DG3,0.03152744085734264,-0.005127600089541091,wesley,0.08333333333333333,251.80814798464323,44.70009233333369,56.0,S2  ,734780.7638888889,88.67503355302841,0.0005133006445744506,-0.14970365388320028
DG3,0.02278246620769537,-0.0006989998469227182,wesley,0.24187642432294876,140.23275779895945,44.70009233333369,105.0,M6  ,734780.7638888889,105.68012564170363,0.0005133006445744506,-0.14970365388320028
DG3,0.014422209006783279,-0.0001451115480510714,wesley,0.0028219326628923015,227.58750479277407,44.70009233333369,5.0,MSF ,734780.7638888889,81.79477218482282,0.0005133006445744506,-0.14970365388320028
DG3,0.012670721469100227,0.00023681680981565197,wesley,0.2404525695249778,120.01668888333477,44.70009233333369,102.0,2MN6,734780.7638888889,108.62329022524943,0.0005133006445744506,-0.14970365388320028
DG3,0.009427711186754149,7.965713051910107e-05,wesley,0.24469835698584108,185.05752198364894,44.70009233333369,109.0,2MS6,734780.7638888889,106.46172531966903,0.0005133006445744506,-0.14970365388320028
DG3,0.007908858251008469,-0.003191562363073229,wesley,0.322501899097265,223.06391457498898,44.70009233333369,124.0,M8  ,734780.7638888889,54.487967822976515,0.0005133006445744506,-0.14970365388320028
DG3,0.004743991054304827,-0.000684783239032009,wesley,0.12252029509970855,287.41283315013857,44.70009233333369,71.0,MK3 ,734780.7638888889,89.37834730108662,0.0005133006445744506,-0.14970365388320028
DG3,0.0031297438978805025,-0.00040216421180355386,wesley,0.16689481487441715,334.10346666766327,44.70009233333369,88.0,S4  ,734780.7638888889,88.12031532565268,0.0005133006445744506,-0.14970365388320028
DG3,0.0029759456120919043,0.0010455199719546968,wesley,0.04178074622151706,325.57983730312264,44.70009233333369,20.0,K1  ,734780.7638888889,108.32307110667182,0.0005133006445744506,-0.14970365388320028
DG3,0.002525262453331333,0.0005590104956692283,wesley,0.11958428833294102,274.39453705739254,44.70009233333369,67.0,MO3 ,734780.7638888889,93.49601615395085,0.0005133006445744506,-0.14970365388320028
DG3,0.0022144023720956528,-0.00010136119661438591,wesley,0.2475202896487334,248.32039426398927,44.70009233333369,112.0,2SM6,734780.7638888889,102.12863814860196,0.0005133006445744506,-0.14970365388320028
DG3,0.0015517776760194755,0.0008643008931489477,wesley,0.03873065444892396,332.65873618453145,44.70009233333369,12.0,O1  ,734780.7638888889,105.7749759115186,0.0005133006445744506,-0.14970365388320028
DG3,0.0014684902431769372,-0.0009647479425885325,wesley,0.08507364441183068,168.4596904476938,44.70009233333369,60.0,ETA2,734780.7638888889,148.551300089854,0.0005133006445744506,-0.14970365388320028
DG3,0.0016514045913409545,0.0004719210577935931,wesley,0.04329289819031363,281.8347954311747,44.70009233333369,24.0,J1  ,734780.7638888889,87.46734101853674,0.0005133006445744506,-0.14970365388320028
DG3,0.001527811637614206,-0.0007642972477255631,wesley,0.283771244648341,217.37310224484014,44.70009233333369,119.0,3MK7,734780.7638888889,117.49439583186097,0.0005133006445744506,-0.14970365388320028
DG3,0.0012661510750508428,-0.0004391610278320011,wesley,0.12076710100566153,199.81058833463072,44.70009233333369,68.0,M3  ,734780.7638888889,96.27729997264117,0.0005133006445744506,-0.14970365388320028
DG3,0.0012456616237351821,0.0001186382839254074,wesley,0.2031457698740248,183.2079739012818,44.70009233333369,95.0,2MK5,734780.7638888889,73.25156682210067,0.0005133006445744506,-0.14970365388320028
DG3,0.000980962810849545,-0.0007406446933980464,wesley,0.12534222776260087,340.59997306605726,44.70009233333369,73.0,SK3 ,734780.7638888889,125.91781667741796,0.0005133006445744506,-0.14970365388320028
DG3,0.0010123425505733428,-0.00044894830883313876,wesley,0.03721850248012738,67.30230257560984,44.70009233333369,10.0,Q1  ,734780.7638888889,36.33626700519264,0.0005133006445744506,-0.14970365388320028
DG3,0.0007332336110029091,-0.00022394296900924804,wesley,0.046342989962906735,125.28616932141973,44.70009233333369,28.0,UPS1,734780.7638888889,71.90925042785256,0.0005133006445744506,-0.14970365388320028
DG3,0.0005064069191835036,0.0003389645623844107,wesley,0.04026859425272048,127.2372438895767,44.70009233333369,15.0,NO1 ,734780.7638888889,39.10469142123718,0.0005133006445744506,-0.14970365388320028
DG3,0.0004240581813759407,-0.0003239771801300112,wesley,0.04483083799411016,279.64268806487587,44.70009233333369,27.0,OO1 ,734780.7638888889,10.31282191322358,0.0005133006445744506,-0.14970365388320028
DG3,0.0004222347219370694,-0.00018699290403465977,wesley,0.20878963519980945,70.9597513142668,44.70009233333369,98.0,2SK5,734780.7638888889,159.14314787075085,0.0005133006445744506,-0.14970365388320028
DG3,0.00040288142311695966,-8.391530110386322e-05,wesley,0.03570635051133081,176.28048172992519,44.70009233333369,8.0,2Q1 ,734780.7638888889,100.57953758292567,0.0005133006445744506,-0.14970365388320028
DG4,0.47949558878153953,-0.11421586508352474,wesley,0.08051140067044102,23.024854602257804,41.40328733333072,47.0,M2  ,734780.7638888889,89.33517068772547,-0.001089070991063007,0.006277269732829072
DG4,0.10328076892659761,-0.023997442653244064,wesley,0.07899924870164445,356.4356120072156,41.40328733333072,41.0,N2  ,734780.7638888889,88.6684589784847,-0.001089070991063007,0.006277269732829072
DG4,0.07652509758462311,-0.01683734668886265,wesley,0.08333333333333333,58.40043257827011,41.40328733333072,56.0,S2  ,734780.7638888889,88.93850339930516,-0.001089070991063007,0.006277269732829072
DG4,0.03374987870411605,-0.007097173295567263,wesley,0.04178074622151706,116.31023402697943,41.40328733333072,20.0,K1  ,734780.7638888889,71.44747213422178,-0.001089070991063007,0.006277269732829072
DG4,0.011283691016151518,0.00029645716533667835,wesley,0.03873065444892396,52.52782877183808,41.40328733333072,12.0,O1  ,734780.7638888889,78.51502605856331,-0.001089070991063007,0.006277269732829072
DG4,0.005970755032062365,-0.0006851225801585122,wesley,0.1612509495486325,332.5794984240829,41.40328733333072,81.0,M4  ,734780.7638888889,128.9203384073857,-0.001089070991063007,0.006277269732829072
DG4,0.0032135734636186,0.00039191030984289557,wesley,0.24187642432294876,9.909246381697358,41.40328733333072,105.0,M6  ,734780.7638888889,49.05205215770202,-0.001089070991063007,0.006277269732829072
DG4,0.002756847334620837,-0.00085697374214002,wesley,0.08507364441183068,61.602564863468004,41.40328733333072,60.0,ETA2,734780.7638888889,90.59989202659628,-0.001089070991063007,0.006277269732829072
DG4,0.0026943331103095975,-0.0003385329961515511,wesley,0.15982709475066154,301.5382492691382,41.40328733333072,78.0,MN4 ,734780.7638888889,126.14291712199389,-0.001089070991063007,0.006277269732829072
DG4,0.0020875360484795104,-0.0001859034532045292,wesley,0.16407288221152483,0.21674171652261975,41.40328733333072,85.0,MS4 ,734780.7638888889,123.21592379132744,-0.001089070991063007,0.006277269732829072
DG4,0.0019896951492959177,0.00020563954357358998,wesley,0.2404525695249778,345.04614218981175,41.40328733333072,102.0,2MN6,734780.7638888889,49.187544018548785,-0.001089070991063007,0.006277269732829072
DG4,0.0016961571091490236,-0.0004573258745865026,wesley,0.11958428833294102,177.02422578325852,41.40328733333072,67.0,MO3 ,734780.7638888889,74.97835708136168,-0.001089070991063007,0.006277269732829072
DG4,0.0012999286710357457,4.856275730778998e-05,wesley,0.24469835698584108,43.31623096455198,41.40328733333072,109.0,2MS6,734780.7638888889,45.975227284062065,-0.001089070991063007,0.006277269732829072
DG4,0.0012440165114069022,-8.5955463741806e-05,wesley,0.12252029509970855,35.931890118206155,41.40328733333072,71.0,MK3 ,734780.7638888889,110.59976526779366,-0.001089070991063007,0.006277269732829072
DG4,0.0008333230481544484,-0.0003144146996830018,wesley,0.04329289819031363,333.1742194289646,41.40328733333072,24.0,J1  ,734780.7638888889,35.816915170737765,-0.001089070991063007,0.006277269732829072
DG4,0.0008268217766747991,-0.00025090198494516426,wesley,0.0028219326628923015,54.24586493260403,41.40328733333072,5.0,MSF ,734780.7638888889,74.49182523748128,-0.001089070991063007,0.006277269732829072
DG4,0.0007235198516470436,8.06841046753113e-06,wesley,0.2031457698740248,81.14823813546998,41.40328733333072,95.0,2MK5,734780.7638888889,62.34393040957948,-0.001089070991063007,0.006277269732829072
DG4,0.0004464334573756301,0.0001383621677025203,wesley,0.04026859425272048,273.08331380372124,41.40328733333072,15.0,NO1 ,734780.7638888889,38.006656173365144,-0.001089070991063007,0.006277269732829072
DG4,0.00038482931393903595,0.00013872570265634608,wesley,0.04483083799411016,165.0937164988461,41.40328733333072,27.0,OO1 ,734780.7638888889,175.33183634879032,-0.001089070991063007,0.006277269732829072
DG4,0.0002851948462717678,-0.00023443394716999162,wesley,0.12534222776260087,180.84520674959748,41.40328733333072,73.0,SK3 ,734780.7638888889,94.17714343804477,-0.001089070991063007,0.006277269732829072
DG4,0.0003073601129454573,0.00012448552457893587,wesley,0.12076710100566153,162.1505402834675,41.40328733333072,68.0,M3  ,734780.7638888889,30.413833389959535,-0.001089070991063007,0.006277269732829072
DG4,0.000314502822608209,7.974515168841156e-05,wesley,0.03721850248012738,325.0892405413679,41.40328733333072,10.0,Q1  ,734780.7638888889,135.93197718099046,-0.001089070991063007,0.006277269732829072
DG4,0.0002704253947222236,-7.919783608692424e-05,wesley,0.03570635051133081,81.99250427429591,41.40328733333072,8.0,2Q1 ,734780.7638888889,98.50351486871487,-0.001089070991063007,0.006277269732829072
DG4,0.0002763054501935682,3.8638301463383355e-06,wesley,0.2475202896487334,81.45909610830023,41.40328733333072,112.0,2SM6,734780.7638888889,53.91940948699018,-0.001089070991063007,0.006277269732829072
DG4,0.00022637906798635068,6.8757419470467e-05,wesley,0.322501899097265,341.5517483105963,41.40328733333072,124.0,M8  ,734780.7638888889,98.24104413392254,-0.001089070991063007,0.006277269732829072
DG4,0.00019983680199572417,-7.233318815979834e-05,wesley,0.283771244648341,58.91664117219061,41.40328733333072,119.0,3MK7,734780.7638888889,77.80261714708664,-0.001089070991063007,0.006277269732829072
DG4,0.00014357432399251686,-4.047612146161421e-06,wesley,0.16689481487441715,13.647189904904693,41.40328733333072,88.0,S4  ,734780.7638888889,136.94042224018764,-0.001089070991063007,0.006277269732829072
DG4,0.00013396526985049053,4.622796198871392e-05,wesley,0.046342989962906735,71.29447142232785,41.40328733333072,28.0,UPS1,734780.7638888889,122.98552992811146,-0.001089070991063007,0.006277269732829072
DG4,9.297300879058419e-05,-1.6624961735116826e-05,wesley,0.20878963519980945,186.9296477812667,41.40328733333072,98.0,2SK5,734780.7638888889,77.83346306244222,-0.001089070991063007,0.006277269732829072
DG5,0.32907408013048467,-0.12197016791750384,wesley,0.08051140067044102,329.665321111343,44.70594700000235,47.0,M2  ,734780.7638888889,8.614745820636246,0.038995977434997324,-0.0511757640025753
DG5,0.07318082767328285,0.0017138041586620203,wesley,0.1612509495486325,216.45273920900848,44.70594700000235,81.0,M4  ,734780.7638888889,150.84615328457008,0.038995977434997324,-0.0511757640025753
DG5,0.05538518780426481,-0.026811223416770336,wesley,0.07899924870164445,308.81471245116745,44.70594700000235,41.0,N2  ,734780.7638888889,3.2817552348128913,0.038995977434997324,-0.0511757640025753
DG5,0.04689930694005668,-0.018493121181340062,wesley,0.08333333333333333,16.83114115417446,44.70594700000235,56.0,S2  ,734780.7638888889,3.6940417740238773,0.038995977434997324,-0.0511757640025753
DG5,0.02922739348131395,-0.012313307764638438,wesley,0.24187642432294876,231.44697248634637,44.70594700000235,105.0,M6  ,734780.7638888889,35.204379988404334,0.038995977434997324,-0.0511757640025753
DG5,0.026064318043644834,0.001986038999072135,wesley,0.15982709475066154,188.7162207060755,44.70594700000235,78.0,MN4 ,734780.7638888889,146.94341100586894,0.038995977434997324,-0.0511757640025753
DG5,0.021383057019335537,0.00029919964333976166,wesley,0.16407288221152483,257.83028399364775,44.70594700000235,85.0,MS4 ,734780.7638888889,146.95702717172253,0.038995977434997324,-0.0511757640025753
DG5,0.017256439568179044,-0.006666761677383993,wesley,0.2404525695249778,206.77886641546175,44.70594700000235,102.0,2MN6,734780.7638888889,32.7478754022724,0.038995977434997324,-0.0511757640025753
DG5,0.013255955319299538,-0.005745949140505968,wesley,0.24469835698584108,268.65311319986176,44.70594700000235,109.0,2MS6,734780.7638888889,38.23126565447049,0.038995977434997324,-0.0511757640025753
DG5,0.010573030464314268,-0.0017918910020149658,wesley,0.322501899097265,284.00782692791347,44.70594700000235,124.0,M8  ,734780.7638888889,29.89928946124869,0.038995977434997324,-0.0511757640025753
DG5,0.007137619708049325,-0.0001746704932113082,wesley,0.0028219326628923015,228.0214743899624,44.70594700000235,5.0,MSF ,734780.7638888889,120.2035424621967,0.038995977434997324,-0.0511757640025753
DG5,0.0046071439263637454,-0.0017413859725685533,wesley,0.04178074622151706,319.43615585742486,44.70594700000235,20.0,K1  ,734780.7638888889,99.93792707671764,0.038995977434997324,-0.0511757640025753
DG5,0.0038513796546060563,0.0010231987723102647,wesley,0.08507364441183068,306.38119794569076,44.70594700000235,60.0,ETA2,734780.7638888889,18.75584648423443,0.038995977434997324,-0.0511757640025753
DG5,0.003218436645590031,-0.0009438007349397808,wesley,0.2475202896487334,322.76557728054763,44.70594700000235,112.0,2SM6,734780.7638888889,42.248381302012284,0.038995977434997324,-0.0511757640025753
DG5,0.0029563058093092006,0.0005619009504788772,wesley,0.12252029509970855,244.86446190304383,44.70594700000235,71.0,MK3 ,734780.7638888889,129.7600805658147,0.038995977434997324,-0.0511757640025753
DG5,0.002937300809532577,-0.0006060755289511483,wesley,0.03873065444892396,307.0535041855419,44.70594700000235,12.0,O1  ,734780.7638888889,93.82805458995841,0.038995977434997324,-0.0511757640025753
DG5,0.002132683669258417,-0.00034782569911890856,wesley,0.2031457698740248,272.6507634880853,44.70594700000235,95.0,2MK5,734780.7638888889,3.599920739365544,0.038995977434997324,-0.0511757640025753
DG5,0.0019113250572358976,0.0009439702635757703,wesley,0.04329289819031363,328.80109003831825,44.70594700000235,24.0,J1  ,734780.7638888889,138.99274908791284,0.038995977434997324,-0.0511757640025753
DG5,0.0017462194749625483,0.0010690718404173373,wesley,0.11958428833294102,265.9936480612013,44.70594700000235,67.0,MO3 ,734780.7638888889,145.13855566322997,0.038995977434997324,-0.0511757640025753
DG5,0.0017981635141018607,-0.00019293031233681235,wesley,0.12534222776260087,332.07401487274535,44.70594700000235,73.0,SK3 ,734780.7638888889,128.72204578882685,0.038995977434997324,-0.0511757640025753
DG5,0.0016814725099757702,0.00022295668623134623,wesley,0.16689481487441715,310.49173313986205,44.70594700000235,88.0,S4  ,734780.7638888889,179.4337702390707,0.038995977434997324,-0.0511757640025753
DG5,0.0014746955956795183,-0.0004053206718208748,wesley,0.04483083799411016,140.5385457930056,44.70594700000235,27.0,OO1 ,734780.7638888889,93.78946032244997,0.038995977434997324,-0.0511757640025753
DG5,0.0014542135135712144,-9.419296971830728e-05,wesley,0.04026859425272048,250.79016259461218,44.70594700000235,15.0,NO1 ,734780.7638888889,135.58496952652501,0.038995977434997324,-0.0511757640025753
DG5,0.0012390598328151027,0.0006009625065506038,wesley,0.03570635051133081,163.06042724458283,44.70594700000235,8.0,2Q1 ,734780.7638888889,100.6947932549389,0.038995977434997324,-0.0511757640025753
DG5,0.0009765174680927233,0.0008598268141702275,wesley,0.12076710100566153,351.800868838422,44.70594700000235,68.0,M3  ,734780.7638888889,49.85710515328947,0.038995977434997324,-0.0511757640025753
DG5,0.00124226136870633,-0.00016047947195435336,wesley,0.03721850248012738,282.1908768793222,44.70594700000235,10.0,Q1  ,734780.7638888889,117.89219239273785,0.038995977434997324,-0.0511757640025753
DG5,0.0008983942589135042,0.0002940750256869749,wesley,0.046342989962906735,52.59375709328272,44.70594700000235,28.0,UPS1,734780.7638888889,118.68071906052917,0.038995977434997324,-0.0511757640025753
DG5,0.0007907465691993942,-0.00021455527008025027,wesley,0.20878963519980945,250.48604904493223,44.70594700000235,98.0,2SK5,734780.7638888889,109.15109548805287,0.038995977434997324,-0.0511757640025753
DG5,0.000281732236422862,-0.0001347687834324285,wesley,0.283771244648341,318.30543441125394,44.70594700000235,119.0,3MK7,734780.7638888889,5.872190521213671,0.038995977434997324,-0.0511757640025753
GP3,0.8796513777560453,0.01907412227029548,wesley,0.08051140067044102,6.6336366856005355,44.515822333332686,47.0,M2  ,734780.7638888889,49.05471258325284,-0.0029237306181291063,0.010347971756313364
GP3,0.17221382082214487,0.003712410170589056,wesley,0.07899924870164445,342.2204615009599,44.515822333332686,41.0,N2  ,734780.7638888889,49.06785593361897,-0.0029237306181291063,0.010347971756313364
GP3,0.14315136395481576,0.0029509218827295375,wesley,0.08333333333333333,50.99236276477876,44.515822333332686,56.0,S2  ,734780.7638888889,49.07405789591601,-0.0029237306181291063,0.010347971756313364
GP3,0.012504973552050144,0.00030476577816376024,wesley,0.04178074622151706,95.02117966459971,44.515822333332686,20.0,K1  ,734780.7638888889,48.04697935869562,-0.0029237306181291063,0.010347971756313364
GP3,0.009615112498701818,-0.0034912618062476635,wesley,0.1612509495486325,251.6361704375249,44.515822333332686,81.0,M4  ,734780.7638888889,62.76352569598714,-0.0029237306181291063,0.010347971756313364
GP3,0.00889427424853485,0.0002942269299234272,wesley,0.03873065444892396,88.84527448647856,44.515822333332686,12.0,O1  ,734780.7638888889,47.32027190325876,-0.0029237306181291063,0.010347971756313364
GP3,0.007837369233437107,0.001603078554928835,wesley,0.24187642432294876,272.4146633025447,44.515822333332686,105.0,M6  ,734780.7638888889,37.51310690000399,-0.0029237306181291063,0.010347971756313364
GP3,0.007521758129492839,2.2072138245166767e-05,wesley,0.08507364441183068,4.074764570774946,44.515822333332686,60.0,ETA2,734780.7638888889,47.010185128832575,-0.0029237306181291063,0.010347971756313364
GP3,0.0047159054360984744,0.0010894192366669635,wesley,0.2404525695249778,247.74015155850992,44.515822333332686,102.0,2MN6,734780.7638888889,38.684980061908405,-0.0029237306181291063,0.010347971756313364
GP3,0.003729496879246812,-0.0014812631694805427,wesley,0.15982709475066154,211.20510455505826,44.515822333332686,78.0,MN4 ,734780.7638888889,70.12031165600189,-0.0029237306181291063,0.010347971756313364
GP3,0.0038763704647710893,3.138840674265218e-05,wesley,0.11958428833294102,226.95140562836897,44.515822333332686,67.0,MO3 ,734780.7638888889,54.709045120018715,-0.0029237306181291063,0.010347971756313364
GP3,0.003714302490582642,0.0009518648738507224,wesley,0.24469835698584108,318.06527544455264,44.515822333332686,109.0,2MS6,734780.7638888889,39.47926377742104,-0.0029237306181291063,0.010347971756313364
GP3,0.003000352991076465,-0.0012090007178503768,wesley,0.16407288221152483,288.28879174048814,44.515822333332686,85.0,MS4 ,734780.7638888889,66.17736325263193,-0.0029237306181291063,0.010347971756313364
GP3,0.0018742856368374472,0.00027210883367630515,wesley,0.12252029509970855,209.37498576409905,44.515822333332686,71.0,MK3 ,734780.7638888889,58.48753223122594,-0.0029237306181291063,0.010347971756313364
GP3,0.001747434261968021,-6.667074448940666e-05,wesley,0.0028219326628923015,50.83494916999828,44.515822333332686,5.0,MSF ,734780.7638888889,88.71642529374924,-0.0029237306181291063,0.010347971756313364
GP3,0.0010391143007481083,-3.098986754904859e-05,wesley,0.04329289819031363,199.59039683175013,44.515822333332686,24.0,J1  ,734780.7638888889,48.613254935430945,-0.0029237306181291063,0.010347971756313364
GP3,0.0007602956133926149,-5.3025476357402906e-05,wesley,0.03721850248012738,326.3977685660134,44.515822333332686,10.0,Q1  ,734780.7638888889,40.17664147359156,-0.0029237306181291063,0.010347971756313364
GP3,0.0007465115599617877,0.00014055133947133916,wesley,0.2475202896487334,12.054452405930043,44.515822333332686,112.0,2SM6,734780.7638888889,38.90550488492241,-0.0029237306181291063,0.010347971756313364
GP3,0.0007336445565655767,0.0001573859479519524,wesley,0.12534222776260087,182.7122256480882,44.515822333332686,73.0,SK3 ,734780.7638888889,50.75047237588666,-0.0029237306181291063,0.010347971756313364
GP3,0.0006694775680037017,-3.154147863614369e-05,wesley,0.12076710100566153,295.40538501474106,44.515822333332686,68.0,M3  ,734780.7638888889,42.50761598004752,-0.0029237306181291063,0.010347971756313364
GP3,0.000630961537259272,2.725930083724668e-05,wesley,0.04483083799411016,147.63706664041297,44.515822333332686,27.0,OO1 ,734780.7638888889,43.6088304267235,-0.0029237306181291063,0.010347971756313364
GP3,0.0005763956855740218,-4.231072952988745e-05,wesley,0.04026859425272048,36.85208842035989,44.515822333332686,15.0,NO1 ,734780.7638888889,49.45145938563427,-0.0029237306181291063,0.010347971756313364
GP3,0.0005720289455257115,-4.4386450344162235e-05,wesley,0.03570635051133081,104.66093462196287,44.515822333332686,8.0,2Q1 ,734780.7638888889,41.84796169169192,-0.0029237306181291063,0.010347971756313364
GP3,0.0005348692383896978,7.54410145278173e-06,wesley,0.046342989962906735,63.23040476762081,44.515822333332686,28.0,UPS1,734780.7638888889,44.23222499942433,-0.0029237306181291063,0.010347971756313364
GP3,0.0003104772469441025,0.00014574588489886745,wesley,0.2031457698740248,58.2650056392752,44.515822333332686,95.0,2MK5,734780.7638888889,70.34858030295835,-0.0029237306181291063,0.010347971756313364
GP3,0.00030963774120831676,1.1907896809119933e-05,wesley,0.322501899097265,346.2971434407135,44.515822333332686,124.0,M8  ,734780.7638888889,91.3852376499719,-0.0029237306181291063,0.010347971756313364
GP3,0.00021443908359815625,-4.1108424024421776e-05,wesley,0.20878963519980945,144.0751350926984,44.515822333332686,98.0,2SK5,734780.7638888889,32.856245825616234,-0.0029237306181291063,0.010347971756313364
GP3,0.00017858816924404535,-9.945416590611128e-05,wesley,0.16689481487441715,320.317341187813,44.515822333332686,88.0,S4  ,734780.7638888889,69.68798484998081,-0.0029237306181291063,0.010347971756313364
GP3,0.00010935489730736895,-5.209925959665487e-05,wesley,0.283771244648341,335.56212865002675,44.515822333332686,119.0,3MK7,734780.7638888889,75.03806643732925,-0.0029237306181291063,0.010347971756313364
GP4,0.3054674608200006,-0.010019350176981134,wesley,0.08051140067044102,212.32635142674968,44.863798999999894,47.0,M2  ,734780.7638888889,76.89339672350872,-0.0444805428079731,-0.032389593987371464
GP4,0.13663939556195814,-0.009067399029037235,wesley,0.1612509495486325,189.52748918500708,44.863798999999894,81.0,M4  ,734780.7638888889,81.4851961136958,-0.0444805428079731,-0.032389593987371464
GP4,0.06478179157498942,-0.0008681050596892545,wesley,0.07899924870164445,194.41787931724855,44.863798999999894,41.0,N2  ,734780.7638888889,77.98355235826335,-0.0444805428079731,-0.032389593987371464
GP4,0.05912418002494726,-0.005180850497448368,wesley,0.24187642432294876,139.25715693482874,44.863798999999894,105.0,M6  ,734780.7638888889,83.91917077129513,-0.0444805428079731,-0.032389593987371464
GP4,0.05916156691437349,-0.004067210509282913,wesley,0.15982709475066154,169.63258369531377,44.863798999999894,78.0,MN4 ,734780.7638888889,82.80597553861543,-0.0444805428079731,-0.032389593987371464
GP4,0.05287312645056696,-0.0009482289792617643,wesley,0.08333333333333333,263.76772396165006,44.863798999999894,56.0,S2  ,734780.7638888889,78.09264701627458,-0.0444805428079731,-0.032389593987371464
GP4,0.04640997548231761,-0.0033272820437635874,wesley,0.16407288221152483,239.79280273953805,44.863798999999894,85.0,MS4 ,734780.7638888889,82.5921850410603,-0.0444805428079731,-0.032389593987371464
GP4,0.044690437081012425,-0.002978976216579443,wesley,0.322501899097265,111.8866824633449,44.863798999999894,124.0,M8  ,734780.7638888889,88.18857376874941,-0.0444805428079731,-0.032389593987371464
GP4,0.03868043173341987,-0.0035632369031730164,wesley,0.2404525695249778,117.19037360879298,44.863798999999894,102.0,2MN6,734780.7638888889,85.17299980646995,-0.0444805428079731,-0.032389593987371464
GP4,0.02985075725555194,-0.002820388646654645,wesley,0.24469835698584108,187.72534814011254,44.863798999999894,109.0,2MS6,734780.7638888889,85.1593978828789,-0.0444805428079731,-0.032389593987371464
GP4,0.008262422707465977,-0.0007086072677643636,wesley,0.12252029509970855,253.678290038287,44.863798999999894,71.0,MK3 ,734780.7638888889,82.05039531207512,-0.0444805428079731,-0.032389593987371464
GP4,0.0063615645947663795,-0.0001329177541414357,wesley,0.04178074622151706,288.1074635080641,44.863798999999894,20.0,K1  ,734780.7638888889,79.36826813409935,-0.0444805428079731,-0.032389593987371464
GP4,0.005775009404858906,-0.0006240936362635137,wesley,0.2031457698740248,213.14789605806317,44.863798999999894,95.0,2MK5,734780.7638888889,85.16359203926713,-0.0444805428079731,-0.032389593987371464
GP4,0.005472729817851084,-0.0006870894547892541,wesley,0.11958428833294102,239.98261900400792,44.863798999999894,67.0,MO3 ,734780.7638888889,84.96229840833463,-0.0444805428079731,-0.032389593987371464
GP4,0.005100906595380709,-0.0005983474188232408,wesley,0.283771244648341,173.8200558022828,44.863798999999894,119.0,3MK7,734780.7638888889,87.63306543253447,-0.0444805428079731,-0.032389593987371464
GP4,0.0040697767086847495,-0.0006985957818263554,wesley,0.2475202896487334,238.58104972583772,44.863798999999894,112.0,2SM6,734780.7638888889,83.25272189177798,-0.0444805428079731,-0.032389593987371464
GP4,0.003966548959523304,7.486554248845034e-05,wesley,0.0028219326628923015,42.76496670723117,44.863798999999894,5.0,MSF ,734780.7638888889,177.858108275922,-0.0444805428079731,-0.032389593987371464
GP4,0.0039026472260911263,-0.0002470873697738077,wesley,0.03873065444892396,273.7537937955545,44.863798999999894,12.0,O1  ,734780.7638888889,86.65294798562049,-0.0444805428079731,-0.032389593987371464
GP4,0.0035558677691107077,-0.0005302795568601407,wesley,0.08507364441183068,128.42800640952134,44.863798999999894,60.0,ETA2,734780.7638888889,78.16419050987477,-0.0444805428079731,-0.032389593987371464
GP4,0.0033879211623867055,-0.0005373405219344222,wesley,0.16689481487441715,301.2401601371023,44.863798999999894,88.0,S4  ,734780.7638888889,81.1858921179554,-0.0444805428079731,-0.032389593987371464
GP4,0.0033778746848862904,-0.00046508362734279276,wesley,0.12076710100566153,117.98465998887741,44.863798999999894,68.0,M3  ,734780.7638888889,78.787517362407,-0.0444805428079731,-0.032389593987371464
GP4,0.0020466455463718164,-0.00028299736940949605,wesley,0.12534222776260087,304.63316278452544,44.863798999999894,73.0,SK3 ,734780.7638888889,79.47851664716296,-0.0444805428079731,-0.032389593987371464
GP4,0.0016626301884496628,0.0002036562963024669,wesley,0.04329289819031363,13.511066693574008,44.863798999999894,24.0,J1  ,734780.7638888889,78.73443634117908,-0.0444805428079731,-0.032389593987371464
GP4,0.001067456600888388,-2.1141057766425235e-05,wesley,0.04026859425272048,245.80148827209948,44.863798999999894,15.0,NO1 ,734780.7638888889,75.05352093991618,-0.0444805428079731,-0.032389593987371464
GP4,0.001028033449755674,-6.032534949806001e-05,wesley,0.03570635051133081,292.6089349221377,44.863798999999894,8.0,2Q1 ,734780.7638888889,73.15573709843004,-0.0444805428079731,-0.032389593987371464
GP4,0.000518356044237386,-8.307219316987271e-05,wesley,0.04483083799411016,19.777654545611405,44.863798999999894,27.0,OO1 ,734780.7638888889,77.51252670886946,-0.0444805428079731,-0.032389593987371464
GP4,0.0003207217243999914,0.00016286993033451234,wesley,0.03721850248012738,190.27202474380942,44.863798999999894,10.0,Q1  ,734780.7638888889,149.20720528325742,-0.0444805428079731,-0.032389593987371464
GP4,0.00034663286445146965,-7.521122240093642e-06,wesley,0.20878963519980945,17.152201764200285,44.863798999999894,98.0,2SK5,734780.7638888889,50.486029613306755,-0.0444805428079731,-0.032389593987371464
GP4,0.0003054519664175412,0.0001369712570286528,wesley,0.046342989962906735,226.60114377965124,44.863798999999894,28.0,UPS1,734780.7638888889,133.01694323279645,-0.0444805428079731,-0.032389593987371464
GP5,0.41383975567554093,4.440892098500626e-16,wesley,0.08051140067044102,305.89047762703404,44.28190499999878,47.0,M2  ,734780.7638888889,43.02424754030844,-0.20605969333765417,-0.19231687293300626
GP5,0.1405286507821032,4.163336342344337e-17,wesley,0.1612509495486325,149.84077010045397,44.28190499999878,81.0,M4  ,734780.7638888889,43.02424754030838,-0.20605969333765417,-0.19231687293300626
GP5,0.07084583217476223,-1.3183898417423734e-16,wesley,0.07899924870164445,285.9584818921745,44.28190499999878,41.0,N2  ,734780.7638888889,43.024247540308515,-0.20605969333765417,-0.19231687293300626
GP5,0.05775979692224105,-5.898059818321144e-17,wesley,0.08333333333333333,353.5908293345874,44.28190499999878,56.0,S2  ,734780.7638888889,43.02424754030852,-0.20605969333765417,-0.19231687293300626
GP5,0.05300133626971158,3.122502256758253e-17,wesley,0.15982709475066154,125.5047545950126,44.28190499999878,78.0,MN4 ,734780.7638888889,43.024247540308316,-0.20605969333765417,-0.19231687293300626
GP5,0.051288456495493046,6.591949208711867e-17,wesley,0.24187642432294876,113.103090400756,44.28190499999878,105.0,M6  ,734780.7638888889,43.024247540308714,-0.20605969333765417,-0.19231687293300626
GP5,0.042796686148879555,1.1102230246251565e-16,wesley,0.16407288221152483,192.58249271760113,44.28190499999878,85.0,MS4 ,734780.7638888889,43.02424754030841,-0.20605969333765417,-0.19231687293300626
GP5,0.031613767044025826,-5.204170427930421e-17,wesley,0.2404525695249778,95.64856787134585,44.28190499999878,102.0,2MN6,734780.7638888889,43.0242475403084,-0.20605969333765417,-0.19231687293300626
GP5,0.027434826166267773,1.0581813203458523e-16,wesley,0.322501899097265,289.1769917059578,44.28190499999878,124.0,M8  ,734780.7638888889,43.0242475403085,-0.20605969333765417,-0.19231687293300626
GP5,0.023453024806189708,-4.163336342344337e-17,wesley,0.24469835698584108,160.92988500690086,44.28190499999878,109.0,2MS6,734780.7638888889,43.02424754030804,-0.20605969333765417,-0.19231687293300626
GP5,0.015819754476340108,-2.2898349882893854e-16,wesley,0.0028219326628923015,220.46362159301555,44.28190499999878,5.0,MSF ,734780.7638888889,43.02424754030815,-0.20605969333765417,-0.19231687293300626
GP5,0.004933843626930532,4.466912950640278e-17,wesley,0.08507364441183068,305.65035485030626,44.28190499999878,60.0,ETA2,734780.7638888889,43.02424754030861,-0.20605969333765417,-0.19231687293300626
GP5,0.004323869961459252,6.114900252818245e-17,wesley,0.2475202896487334,204.08352219795592,44.28190499999878,112.0,2SM6,734780.7638888889,43.024247540309176,-0.20605969333765417,-0.19231687293300626
GP5,0.004072511751461869,1.5916087892087205e-16,wesley,0.03873065444892396,32.01256351286243,44.28190499999878,12.0,O1  ,734780.7638888889,43.02424754030933,-0.20605969333765417,-0.19231687293300626
GP5,0.0039765517816590466,-1.1058862159352145e-16,wesley,0.04178074622151706,21.381700502439266,44.28190499999878,20.0,K1  ,734780.7638888889,43.02424754030861,-0.20605969333765417,-0.19231687293300626
GP5,0.0035060757172858227,-1.6718397499726478e-16,wesley,0.16689481487441715,222.81260560230453,44.28190499999878,88.0,S4  ,734780.7638888889,43.02424754030781,-0.20605969333765417,-0.19231687293300626
GP5,0.0021243499915330763,1.3205582460873444e-16,wesley,0.11958428833294102,215.17792918988306,44.28190499999878,67.0,MO3 ,734780.7638888889,43.024247540305396,-0.20605969333765417,-0.19231687293300626
GP5,0.0016848797920920664,-6.548581121812447e-17,wesley,0.2031457698740248,266.416875952561,44.28190499999878,95.0,2MK5,734780.7638888889,43.024247540310185,-0.20605969333765417,-0.19231687293300626
GP5,0.0015695372048023198,-1.249000902703301e-16,wesley,0.12252029509970855,234.31560732405495,44.28190499999878,71.0,MK3 ,734780.7638888889,43.0242475403077,-0.20605969333765417,-0.19231687293300626
GP5,0.0015524361264442968,1.0169816377914032e-16,wesley,0.03721850248012738,311.1922731873806,44.28190499999878,10.0,Q1  ,734780.7638888889,43.024247540308004,-0.20605969333765417,-0.19231687293300626
GP5,0.0010661169227065455,-1.7889335846010823e-17,wesley,0.283771244648341,312.4348844919053,44.28190499999878,119.0,3MK7,734780.7638888889,43.02424754031362,-0.20605969333765417,-0.19231687293300626
GP5,0.0010561769343576056,-4.0766001685454967e-17,wesley,0.03570635051133081,228.27466384859682,44.28190499999878,8.0,2Q1 ,734780.7638888889,43.02424754030857,-0.20605969333765417,-0.19231687293300626
GP5,0.0010050132605489998,1.0169816377914032e-16,wesley,0.20878963519980945,55.11488406880909,44.28190499999878,98.0,2SK5,734780.7638888889,43.02424754030345,-0.20605969333765417,-0.19231687293300626
GP5,0.0009855145922940535,-2.179246366695864e-17,wesley,0.04483083799411016,146.35314798980002,44.28190499999878,27.0,OO1 ,734780.7638888889,43.02424754031273,-0.20605969333765417,-0.19231687293300626
GP5,0.0006269290159548755,-1.196959198423997e-16,wesley,0.12534222776260087,52.44700605934088,44.28190499999878,73.0,SK3 ,734780.7638888889,43.02424754030823,-0.20605969333765417,-0.19231687293300626
GP5,0.0005578168141639002,1.3265213580360147e-16,wesley,0.12076710100566153,203.42505151946332,44.28190499999878,68.0,M3  ,734780.7638888889,43.024247540320744,-0.20605969333765417,-0.19231687293300626
GP5,0.00046636919071742016,7.640914810591592e-17,wesley,0.04329289819031363,123.41875131344565,44.28190499999878,24.0,J1  ,734780.7638888889,43.02424754031484,-0.20605969333765417,-0.19231687293300626
GP5,0.00033640441140727636,-2.9327668765732895e-17,wesley,0.046342989962906735,329.30882662592506,44.28190499999878,28.0,UPS1,734780.7638888889,43.0242475403151,-0.20605969333765417,-0.19231687293300626
GP5,0.0002744801284830362,-3.366447745567491e-17,wesley,0.04026859425272048,348.6251793531331,44.28190499999878,15.0,NO1 ,734780.7638888889,43.02424754031527,-0.20605969333765417,-0.19231687293300626
PP1,0.07234207576683753,0.002707912919784325,wesley,0.08051140067044102,15.436946760561241,44.31809033333536,47.0,M2  ,734780.7638888889,95.15833671975967,-0.005835324409443919,-0.006873321753100639
PP1,0.015800755931420808,-0.0003647970316700694,wesley,0.07899924870164445,345.1858614308894,44.31809033333536,41.0,N2  ,734780.7638888889,93.26450022471269,-0.005835324409443919,-0.006873321753100639
PP1,0.010773544218240248,0.0002569522747260635,wesley,0.08333333333333333,46.43477888974944,44.31809033333536,56.0,S2  ,734780.7638888889,89.66685403156498,-0.005835324409443919,-0.006873321753100639
PP1,0.005816649078390504,-0.000958973465800986,wesley,0.1612509495486325,290.33710283873296,44.31809033333536,81.0,M4  ,734780.7638888889,103.60051908696455,-0.005835324409443919,-0.006873321753100639
PP1,0.0032676450167271297,-0.0008170367076402877,wesley,0.04178074622151706,100.85730441875305,44.31809033333536,20.0,K1  ,734780.7638888889,80.16400492202382,-0.005835324409443919,-0.006873321753100639
PP1,0.0025537047266826216,-0.0004601114137107395,wesley,0.15982709475066154,262.4548350748097,44.31809033333536,78.0,MN4 ,734780.7638888889,103.79590974868765,-0.005835324409443919,-0.006873321753100639
PP1,0.0022786998201412036,-0.000549668512985968,wesley,0.24187642432294876,358.31172235848675,44.31809033333536,105.0,M6  ,734780.7638888889,108.43191489216504,-0.005835324409443919,-0.006873321753100639
PP1,0.0022910282306602948,-0.0003689300493388677,wesley,0.03873065444892396,84.16047787147636,44.31809033333536,12.0,O1  ,734780.7638888889,73.12382393428686,-0.005835324409443919,-0.006873321753100639
PP1,0.001882704894259618,-0.0002939507482325877,wesley,0.16407288221152483,322.9790089316386,44.31809033333536,85.0,MS4 ,734780.7638888889,102.60213257234551,-0.005835324409443919,-0.006873321753100639
PP1,0.0013373481480765106,-0.00034032010616838525,wesley,0.2404525695249778,327.1088704722923,44.31809033333536,102.0,2MN6,734780.7638888889,108.9364479626588,-0.005835324409443919,-0.006873321753100639
PP1,0.0009007149120558206,-0.00022871469954620664,wesley,0.24469835698584108,48.08865179814497,44.31809033333536,109.0,2MS6,734780.7638888889,106.43927382587127,-0.005835324409443919,-0.006873321753100639
PP1,0.0008661005301240511,-5.084293263294109e-06,wesley,0.0028219326628923015,228.49845067278648,44.31809033333536,5.0,MSF ,734780.7638888889,91.74647464816572,-0.005835324409443919,-0.006873321753100639
PP1,0.0006267693084138425,-0.00016090091623859797,wesley,0.12252029509970855,33.07679894954833,44.31809033333536,71.0,MK3 ,734780.7638888889,105.6722797598122,-0.005835324409443919,-0.006873321753100639
PP1,0.0005355255938206702,4.24167224259611e-05,wesley,0.08507364441183068,67.28355472016719,44.31809033333536,60.0,ETA2,734780.7638888889,114.41302591407906,-0.005835324409443919,-0.006873321753100639
PP1,0.0004102854131110659,-0.00017531265238863167,wesley,0.11958428833294102,39.00542224276184,44.31809033333536,67.0,MO3 ,734780.7638888889,110.2720760205909,-0.005835324409443919,-0.006873321753100639
PP1,0.00036900549416578235,-5.5134417837547444e-05,wesley,0.322501899097265,257.53416181214936,44.31809033333536,124.0,M8  ,734780.7638888889,106.20038458314038,-0.005835324409443919,-0.006873321753100639
PP1,0.00016762806074266222,-0.00012198195189954428,wesley,0.03570635051133081,203.11451756945158,44.31809033333536,8.0,2Q1 ,734780.7638888889,41.419809735339896,-0.005835324409443919,-0.006873321753100639
PP1,0.00019748534718592867,-3.238756695085523e-05,wesley,0.2031457698740248,339.66894043391005,44.31809033333536,95.0,2MK5,734780.7638888889,114.10469443505758,-0.005835324409443919,-0.006873321753100639
PP1,0.00018435489069168102,-2.7022569880930802e-05,wesley,0.16689481487441715,1.0587643898392542,44.31809033333536,88.0,S4  ,734780.7638888889,102.11861091473953,-0.005835324409443919,-0.006873321753100639
PP1,0.00015598522187179742,-0.00010036556293985111,wesley,0.04329289819031363,309.8919662640749,44.31809033333536,24.0,J1  ,734780.7638888889,66.53187721880593,-0.005835324409443919,-0.006873321753100639
PP1,0.00013362344110007826,-9.503945713876682e-05,wesley,0.03721850248012738,225.5045422260313,44.31809033333536,10.0,Q1  ,734780.7638888889,10.573603348800084,-0.005835324409443919,-0.006873321753100639
PP1,0.0001489707084493831,-4.3715852322829974e-05,wesley,0.2475202896487334,103.312930899901,44.31809033333536,112.0,2SM6,734780.7638888889,104.85958257148157,-0.005835324409443919,-0.006873321753100639
PP1,0.00011232889620789777,-2.991121927750271e-05,wesley,0.04483083799411016,232.80450818171403,44.31809033333536,27.0,OO1 ,734780.7638888889,147.60298181540654,-0.005835324409443919,-0.006873321753100639
PP1,9.370090180375236e-05,-6.401537096877564e-05,wesley,0.04026859425272048,196.99237200229572,44.31809033333536,15.0,NO1 ,734780.7638888889,59.2150517709421,-0.005835324409443919,-0.006873321753100639
PP1,0.00010993972043812393,-1.089525821837316e-05,wesley,0.12076710100566153,269.5616504411017,44.31809033333536,68.0,M3  ,734780.7638888889,98.82676415785308,-0.005835324409443919,-0.006873321753100639
PP1,0.00010662075396307697,-4.357780624219615e-06,wesley,0.12534222776260087,112.92595172150995,44.31809033333536,73.0,SK3 ,734780.7638888889,101.31111824210676,-0.005835324409443919,-0.006873321753100639
PP1,7.42034261027023e-05,-4.97121504744722e-06,wesley,0.046342989962906735,138.3616433317207,44.31809033333536,28.0,UPS1,734780.7638888889,133.54384496203457,-0.005835324409443919,-0.006873321753100639
PP1,2.3530209106298263e-05,5.5964735933618134e-06,wesley,0.20878963519980945,213.97198643789324,44.31809033333536,98.0,2SK5,734780.7638888889,115.3481979072594,-0.005835324409443919,-0.006873321753100639
PP1,1.2832835702165813e-05,-1.9174034432876612e-06,wesley,0.283771244648341,133.677393001746,44.31809033333536,119.0,3MK7,734780.7638888889,58.80590611847191,-0.005835324409443919,-0.006873321753100639
PP2,0.11737517019522284,-0.0016575821002980176,wesley,0.08051140067044102,2.004317553033445,43.82588300000099,47.0,M2  ,734780.7638888889,68.56575357567871,-0.007787621659662958,0.0009527104367670009
PP2,0.0235481887764254,0.0001232453282796666,wesley,0.07899924870164445,332.9939069820283,43.82588300000099,41.0,N2  ,734780.7638888889,70.62463982613221,-0.007787621659662958,0.0009527104367670009
PP2,0.01787148569687721,-0.0011105912186260107,wesley,0.08333333333333333,39.9491485478137,43.82588300000099,56.0,S2  ,734780.7638888889,68.43010154933138,-0.007787621659662958,0.0009527104367670009
PP2,0.005551958785737414,1.9339410792173443e-05,wesley,0.04178074622151706,72.55397204563165,43.82588300000099,20.0,K1  ,734780.7638888889,49.48560350817112,-0.007787621659662958,0.0009527104367670009
PP2,0.004581454580808933,0.0003408858006261118,wesley,0.03873065444892396,18.917292825123376,43.82588300000099,12.0,O1  ,734780.7638888889,37.091810956891045,-0.007787621659662958,0.0009527104367670009
PP2,0.003597092283005822,-0.0016842206660478624,wesley,0.1612509495486325,288.51482037985545,43.82588300000099,81.0,M4  ,734780.7638888889,77.99401791521858,-0.007787621659662958,0.0009527104367670009
PP2,0.0021358681577579764,-0.0001957157931100689,wesley,0.24187642432294876,8.970761315399606,43.82588300000099,105.0,M6  ,734780.7638888889,46.02441380911421,-0.007787621659662958,0.0009527104367670009
PP2,0.0015294155565861375,-0.0006521358253784547,wesley,0.15982709475066154,260.70269122102786,43.82588300000099,78.0,MN4 ,734780.7638888889,78.9691356766955,-0.007787621659662958,0.0009527104367670009
PP2,0.0012895252621313515,-0.00017122499088726665,wesley,0.2404525695249778,340.0725368588808,43.82588300000099,102.0,2MN6,734780.7638888889,45.993499000337174,-0.007787621659662958,0.0009527104367670009
PP2,0.001136623784814013,-0.0003869012212952671,wesley,0.16407288221152483,315.7261011106053,43.82588300000099,85.0,MS4 ,734780.7638888889,85.58823642263377,-0.007787621659662958,0.0009527104367670009
PP2,0.0011584625701373432,-0.00020944249243748017,wesley,0.0028219326628923015,234.22426448618148,43.82588300000099,5.0,MSF ,734780.7638888889,3.3552735377712253,-0.007787621659662958,0.0009527104367670009
PP2,0.0009532328611474961,0.00011946014708835511,wesley,0.08507364441183068,25.53320433356072,43.82588300000099,60.0,ETA2,734780.7638888889,56.27325335763182,-0.007787621659662958,0.0009527104367670009
PP2,0.0009137432609669547,-7.620547230368339e-05,wesley,0.24469835698584108,56.698432894648626,43.82588300000099,109.0,2MS6,734780.7638888889,40.14191669606703,-0.007787621659662958,0.0009527104367670009
PP2,0.00048411973358763517,-0.0003848217951720538,wesley,0.11958428833294102,229.8781889713445,43.82588300000099,67.0,MO3 ,734780.7638888889,16.515994393235495,-0.007787621659662958,0.0009527104367670009
PP2,0.00022510206419028295,-0.00011188434842958118,wesley,0.04329289819031363,296.05413603141085,43.82588300000099,24.0,J1  ,734780.7638888889,38.80159010786478,-0.007787621659662958,0.0009527104367670009
PP2,0.00018081621061375225,-7.350514935067798e-05,wesley,0.03570635051133081,182.47477100152162,43.82588300000099,8.0,2Q1 ,734780.7638888889,45.042396733144926,-0.007787621659662958,0.0009527104367670009
PP2,0.00015699343092108112,-1.9709946816075382e-05,wesley,0.322501899097265,263.61674198239166,43.82588300000099,124.0,M8  ,734780.7638888889,39.58952520644526,-0.007787621659662958,0.0009527104367670009
PP2,0.00014789884838354493,4.180640667368552e-05,wesley,0.12252029509970855,319.97048510669765,43.82588300000099,71.0,MK3 ,734780.7638888889,13.020582581165959,-0.007787621659662958,0.0009527104367670009
PP2,0.00015140216466970287,-1.1744480993795725e-05,wesley,0.2475202896487334,106.32890568237535,43.82588300000099,112.0,2SM6,734780.7638888889,39.24552024933759,-0.007787621659662958,0.0009527104367670009
PP2,0.00011671332388288548,-9.397089601842464e-05,wesley,0.04026859425272048,33.633702585083626,43.82588300000099,15.0,NO1 ,734780.7638888889,157.4586430153944,-0.007787621659662958,0.0009527104367670009
PP2,0.00011524268700760897,1.880923963425738e-05,wesley,0.03721850248012738,188.614032846721,43.82588300000099,10.0,Q1  ,734780.7638888889,16.035234900131627,-0.007787621659662958,0.0009527104367670009
PP2,0.00010646505979047084,-3.435136925159318e-05,wesley,0.12076710100566153,33.09167184710145,43.82588300000099,68.0,M3  ,734780.7638888889,174.69118537207217,-0.007787621659662958,0.0009527104367670009
PP2,0.00010551042347288509,-3.105221547804894e-05,wesley,0.2031457698740248,328.2532808954813,43.82588300000099,95.0,2MK5,734780.7638888889,135.42001032508438,-0.007787621659662958,0.0009527104367670009
PP2,0.00010461036223007896,-2.5145449374895277e-05,wesley,0.16689481487441715,351.9742017280051,43.82588300000099,88.0,S4  ,734780.7638888889,79.90339147293574,-0.007787621659662958,0.0009527104367670009
PP2,8.689187989797069e-05,-1.3623654917997961e-05,wesley,0.12534222776260087,182.6160639181163,43.82588300000099,73.0,SK3 ,734780.7638888889,100.86528487015309,-0.007787621659662958,0.0009527104367670009
PP2,6.539185790243744e-05,4.276829728511036e-05,wesley,0.04483083799411016,191.8616374607108,43.82588300000099,27.0,OO1 ,734780.7638888889,149.8218347750692,-0.007787621659662958,0.0009527104367670009
PP2,6.0568844673001614e-05,8.919052748948147e-06,wesley,0.046342989962906735,70.34945729009786,43.82588300000099,28.0,UPS1,734780.7638888889,56.341519867127694,-0.007787621659662958,0.0009527104367670009
PP2,5.721421806622657e-05,6.45903584496886e-07,wesley,0.283771244648341,304.70637939577034,43.82588300000099,119.0,3MK7,734780.7638888889,140.60407170355262,-0.007787621659662958,0.0009527104367670009
PP2,3.979940009308299e-05,4.306329943756113e-06,wesley,0.20878963519980945,183.96529515550822,43.82588300000099,98.0,2SK5,734780.7638888889,62.48540897453083,-0.007787621659662958,0.0009527104367670009
PP3,0.9571024575696438,-0.02835234746072185,wesley,0.08051140067044102,12.749676975035268,44.783634666666636,47.0,M2  ,734780.7638888889,33.71699826598299,-0.006796402988775138,-0.006613367000284166
PP3,0.1867467170953821,-0.005688006569540424,wesley,0.07899924870164445,348.90045455614234,44.783634666666636,41.0,N2  ,734780.7638888889,33.670541632913974,-0.006796402988775138,-0.006613367000284166
PP3,0.15701397255312538,-0.004419446670712493,wesley,0.08333333333333333,58.17423343197179,44.783634666666636,56.0,S2  ,734780.7638888889,33.61410609466264,-0.006796402988775138,-0.006613367000284166
PP3,0.013952936266697007,0.004066292984160992,wesley,0.1612509495486325,295.01024348691203,44.783634666666636,81.0,M4  ,734780.7638888889,39.71779859211116,-0.006796402988775138,-0.006613367000284166
PP3,0.013249289183466892,-0.0009493035647565673,wesley,0.04178074622151706,104.18404979947269,44.783634666666636,20.0,K1  ,734780.7638888889,34.084205814068845,-0.006796402988775138,-0.006613367000284166
PP3,0.0098163209800131,-0.0012574393054681412,wesley,0.24187642432294876,288.69140739830914,44.783634666666636,105.0,M6  ,734780.7638888889,37.94245603790645,-0.006796402988775138,-0.006613367000284166
PP3,0.009639552158177588,-0.0007266884111560437,wesley,0.03873065444892396,98.91298808056962,44.783634666666636,12.0,O1  ,734780.7638888889,33.725990861992386,-0.006796402988775138,-0.006613367000284166
PP3,0.008298912792738918,-0.00018573144347201666,wesley,0.08507364441183068,6.189070870221929,44.783634666666636,60.0,ETA2,734780.7638888889,34.33453534839117,-0.006796402988775138,-0.006613367000284166
PP3,0.005936720215930747,-0.0006759994519775466,wesley,0.2404525695249778,261.0404979618576,44.783634666666636,102.0,2MN6,734780.7638888889,38.69302742339389,-0.006796402988775138,-0.006613367000284166
PP3,0.005376686368765329,0.0013378636853572882,wesley,0.15982709475066154,273.62467046890947,44.783634666666636,78.0,MN4 ,734780.7638888889,39.71353567481904,-0.006796402988775138,-0.006613367000284166
PP3,0.004713356637533832,0.0010532012044208476,wesley,0.16407288221152483,344.09947016778796,44.783634666666636,85.0,MS4 ,734780.7638888889,39.4225359243577,-0.006796402988775138,-0.006613367000284166
PP3,0.004635030149975198,-0.0005751115071521741,wesley,0.24469835698584108,332.58130357323876,44.783634666666636,109.0,2MS6,734780.7638888889,38.33573641771281,-0.006796402988775138,-0.006613367000284166
PP3,0.003851194745324379,-0.0001665812240141014,wesley,0.11958428833294102,235.30410122327373,44.783634666666636,67.0,MO3 ,734780.7638888889,31.94516267247566,-0.006796402988775138,-0.006613367000284166
PP3,0.0020833452096433672,-3.721066498032989e-05,wesley,0.0028219326628923015,224.35018861296012,44.783634666666636,5.0,MSF ,734780.7638888889,37.67069729160324,-0.006796402988775138,-0.006613367000284166
PP3,0.001792574118010067,-0.00023033249068676214,wesley,0.12252029509970855,205.80976841783706,44.783634666666636,71.0,MK3 ,734780.7638888889,31.16219839437511,-0.006796402988775138,-0.006613367000284166
PP3,0.0011192258481376339,-1.7785540600110446e-05,wesley,0.04329289819031363,212.8534137003263,44.783634666666636,24.0,J1  ,734780.7638888889,33.179128707947825,-0.006796402988775138,-0.006613367000284166
PP3,0.0008841829059861824,-4.72353581594374e-06,wesley,0.03721850248012738,349.6693548356995,44.783634666666636,10.0,Q1  ,734780.7638888889,29.546261983265687,-0.006796402988775138,-0.006613367000284166
PP3,0.0008555106410588233,0.00019317703310445505,wesley,0.322501899097265,285.74602586510105,44.783634666666636,124.0,M8  ,734780.7638888889,151.81862756377433,-0.006796402988775138,-0.006613367000284166
PP3,0.000861744208508379,-9.337720627020226e-05,wesley,0.2475202896487334,23.623853401039774,44.783634666666636,112.0,2SM6,734780.7638888889,38.80391414962591,-0.006796402988775138,-0.006613367000284166
PP3,0.0008303237638658458,7.95307438236978e-06,wesley,0.04026859425272048,43.8398564364018,44.783634666666636,15.0,NO1 ,734780.7638888889,36.956359033936,-0.006796402988775138,-0.006613367000284166
PP3,0.0007996084661784939,7.811831692784937e-06,wesley,0.12076710100566153,299.96164006800694,44.783634666666636,68.0,M3  ,734780.7638888889,39.711619125796915,-0.006796402988775138,-0.006613367000284166
PP3,0.0007619799019730597,-9.96432526901313e-05,wesley,0.12534222776260087,177.47304981628213,44.783634666666636,73.0,SK3 ,734780.7638888889,40.02189908712654,-0.006796402988775138,-0.006613367000284166
PP3,0.0007402488640209664,-7.095031205349097e-05,wesley,0.04483083799411016,171.23221343263558,44.783634666666636,27.0,OO1 ,734780.7638888889,34.74889068111156,-0.006796402988775138,-0.006613367000284166
PP3,0.000646014390668305,1.9738138373520805e-05,wesley,0.03570635051133081,105.6028114259007,44.783634666666636,8.0,2Q1 ,734780.7638888889,37.470652894044136,-0.006796402988775138,-0.006613367000284166
PP3,0.0005769328908740113,-3.148005573122976e-05,wesley,0.046342989962906735,70.39594424754125,44.783634666666636,28.0,UPS1,734780.7638888889,35.69240786637934,-0.006796402988775138,-0.006613367000284166
PP3,0.00043633062687902695,8.417819942732203e-05,wesley,0.16689481487441715,39.51723460016469,44.783634666666636,88.0,S4  ,734780.7638888889,43.88657677714747,-0.006796402988775138,-0.006613367000284166
PP3,0.0002866013455937994,-3.976951988392919e-06,wesley,0.2031457698740248,11.114403322882605,44.783634666666636,95.0,2MK5,734780.7638888889,17.463619119398288,-0.006796402988775138,-0.006613367000284166
PP3,0.000263133620180207,1.3772587533813298e-05,wesley,0.20878963519980945,150.83148438034598,44.783634666666636,98.0,2SK5,734780.7638888889,17.214468347120373,-0.006796402988775138,-0.006613367000284166
PP3,7.819469118027057e-05,-3.317199110496379e-05,wesley,0.283771244648341,245.89060549357146,44.783634666666636,119.0,3MK7,734780.7638888889,167.5748414934079,-0.006796402988775138,-0.006613367000284166
PP4,0.917328648864119,0.014081934514673655,wesley,0.08051140067044102,14.35189186610317,41.44056533333433,47.0,M2  ,734780.7638888889,29.425708695777786,-0.04311164668652742,-0.052425167748526125
PP4,0.1921088009928244,0.0006579106821107822,wesley,0.07899924870164445,344.0156663542803,41.44056533333433,41.0,N2  ,734780.7638888889,30.149631792750235,-0.04311164668652742,-0.052425167748526125
PP4,0.12557591859283468,0.0004629868895170003,wesley,0.08333333333333333,45.11127318388532,41.44056533333433,56.0,S2  ,734780.7638888889,29.595608492734172,-0.04311164668652742,-0.052425167748526125
PP4,0.053081594588492466,0.001156564459199004,wesley,0.04178074622151706,101.86031198243506,41.44056533333433,20.0,K1  ,734780.7638888889,32.42936827914473,-0.04311164668652742,-0.052425167748526125
PP4,0.05166808555985716,0.005567052595722214,wesley,0.24187642432294876,239.66909667923528,41.44056533333433,105.0,M6  ,734780.7638888889,8.7146306087486,-0.04311164668652742,-0.052425167748526125
PP4,0.03912646943985455,0.00396150284400577,wesley,0.1612509495486325,151.00764282833018,41.44056533333433,81.0,M4  ,734780.7638888889,32.856837751797684,-0.04311164668652742,-0.052425167748526125
PP4,0.0324938425864109,0.003737608026415441,wesley,0.2404525695249778,213.67389089438444,41.44056533333433,102.0,2MN6,734780.7638888889,10.069285693602097,-0.04311164668652742,-0.052425167748526125
PP4,0.025949559371450256,0.0024794287789474626,wesley,0.03873065444892396,51.31810581370308,41.44056533333433,12.0,O1  ,734780.7638888889,32.95934718140009,-0.04311164668652742,-0.052425167748526125
PP4,0.021717262484718315,0.002132901490171528,wesley,0.24469835698584108,277.90112770498206,41.44056533333433,109.0,2MS6,734780.7638888889,10.403706138883521,-0.04311164668652742,-0.052425167748526125
PP4,0.01531533187796098,0.0019383955676357638,wesley,0.15982709475066154,125.90674932179915,41.44056533333433,78.0,MN4 ,734780.7638888889,30.199043959830774,-0.04311164668652742,-0.052425167748526125
PP4,0.011600349284783162,0.001750153708379225,wesley,0.16407288221152483,189.1886761966203,41.44056533333433,85.0,MS4 ,734780.7638888889,30.97473145556836,-0.04311164668652742,-0.052425167748526125
PP4,0.008627060658982805,0.0014630078555922022,wesley,0.11958428833294102,156.22388721719386,41.44056533333433,67.0,MO3 ,734780.7638888889,28.247931530633537,-0.04311164668652742,-0.052425167748526125
PP4,0.006861576520892783,0.0005639421828845057,wesley,0.08507364441183068,51.27046060680179,41.44056533333433,60.0,ETA2,734780.7638888889,28.47752287841338,-0.04311164668652742,-0.052425167748526125
PP4,0.005744094238650524,0.002532233831968065,wesley,0.322501899097265,0.7154271461516117,41.44056533333433,124.0,M8  ,734780.7638888889,38.60296569688033,-0.04311164668652742,-0.052425167748526125
PP4,0.006229851484093827,-0.00024197019531908706,wesley,0.0028219326628923015,220.1883159993602,41.44056533333433,5.0,MSF ,734780.7638888889,45.4363591396949,-0.04311164668652742,-0.052425167748526125
PP4,0.0042355936777970045,0.0006312637438691327,wesley,0.12252029509970855,224.1716175277436,41.44056533333433,71.0,MK3 ,734780.7638888889,26.33986262443149,-0.04311164668652742,-0.052425167748526125
PP4,0.0036519067558046904,0.001248500969128003,wesley,0.2031457698740248,291.2092849605255,41.44056533333433,95.0,2MK5,734780.7638888889,7.2882547671352,-0.04311164668652742,-0.052425167748526125
PP4,0.0038318098468242425,0.00025214983312504434,wesley,0.2475202896487334,325.1806095419128,41.44056533333433,112.0,2SM6,734780.7638888889,10.47165160546219,-0.04311164668652742,-0.052425167748526125
PP4,0.002875593836140747,0.0007337491858524048,wesley,0.12076710100566153,101.11443683062092,41.44056533333433,68.0,M3  ,734780.7638888889,20.582129728748534,-0.04311164668652742,-0.052425167748526125
PP4,0.002464637468259539,0.0002235546954412655,wesley,0.04329289819031363,312.4055622882601,41.44056533333433,24.0,J1  ,734780.7638888889,23.020396084855825,-0.04311164668652742,-0.052425167748526125
PP4,0.002041999821393999,0.00018699936961305346,wesley,0.12534222776260087,227.61942118235567,41.44056533333433,73.0,SK3 ,734780.7638888889,28.92770485477883,-0.04311164668652742,-0.052425167748526125
PP4,0.0013208619715540612,0.000531521923554908,wesley,0.283771244648341,24.415295224468373,41.44056533333433,119.0,3MK7,734780.7638888889,18.980027820669513,-0.04311164668652742,-0.052425167748526125
PP4,0.0013662767176154417,0.0001590510400037502,wesley,0.16689481487441715,220.54834020268143,41.44056533333433,88.0,S4  ,734780.7638888889,38.73165222277225,-0.04311164668652742,-0.052425167748526125
PP4,0.0012270259707253843,0.00019202825762827452,wesley,0.03570635051133081,177.36916256253943,41.44056533333433,8.0,2Q1 ,734780.7638888889,23.20994339706573,-0.04311164668652742,-0.052425167748526125
PP4,0.0007718900913788408,7.543647340459446e-05,wesley,0.03721850248012738,145.52453212572078,41.44056533333433,10.0,Q1  ,734780.7638888889,22.66574776473486,-0.04311164668652742,-0.052425167748526125
PP4,0.0006526550622764235,7.343843035872803e-05,wesley,0.04026859425272048,202.29197273047762,41.44056533333433,15.0,NO1 ,734780.7638888889,34.00651718005639,-0.04311164668652742,-0.052425167748526125
PP4,0.0006154820309921636,8.837545266949701e-05,wesley,0.04483083799411016,355.8233596163782,41.44056533333433,27.0,OO1 ,734780.7638888889,28.3427371688271,-0.04311164668652742,-0.052425167748526125
PP4,0.0005345490351071513,-2.3474448903262977e-05,wesley,0.046342989962906735,115.83896563133462,41.44056533333433,28.0,UPS1,734780.7638888889,31.37667506773355,-0.04311164668652742,-0.052425167748526125
PP4,0.0003690374011812496,-7.027884685843877e-05,wesley,0.20878963519980945,191.675868680528,41.44056533333433,98.0,2SK5,734780.7638888889,17.2755345578654,-0.04311164668652742,-0.052425167748526125
PP5,0.11041254736666382,0.019648614030550307,wesley,0.08051140067044102,333.9019949394912,44.57168500000267,47.0,M2  ,734780.7638888889,30.70538325504696,0.0022785537769562797,0.01105703598335375
PP5,0.0384554744257431,0.0009708554319955535,wesley,0.1612509495486325,261.2941434716255,44.57168500000267,81.0,M4  ,734780.7638888889,40.236787875158655,0.0022785537769562797,0.01105703598335375
PP5,0.03190287622213039,0.0040563401423749906,wesley,0.24187642432294876,164.26477436224215,44.57168500000267,105.0,M6  ,734780.7638888889,28.76694961715407,0.0022785537769562797,0.01105703598335375
PP5,0.023548654997110716,0.0032262596714763923,wesley,0.07899924870164445,313.60293167539953,44.57168500000267,41.0,N2  ,734780.7638888889,32.080974148994315,0.0022785537769562797,0.01105703598335375
PP5,0.01976562470978045,0.0024005459708712484,wesley,0.2404525695249778,140.58417196583787,44.57168500000267,102.0,2MN6,734780.7638888889,29.08112036237369,0.0022785537769562797,0.01105703598335375
PP5,0.019518694927709045,0.002668124391536294,wesley,0.08333333333333333,17.57427108550306,44.57168500000267,56.0,S2  ,734780.7638888889,31.942944355020874,0.0022785537769562797,0.01105703598335375
PP5,0.01693094713983758,1.705411198732812e-05,wesley,0.15982709475066154,238.39305663467283,44.57168500000267,78.0,MN4 ,734780.7638888889,38.98765481074087,0.0022785537769562797,0.01105703598335375
PP5,0.015287085977899458,0.0015429024604828355,wesley,0.24469835698584108,213.18481284954933,44.57168500000267,109.0,2MS6,734780.7638888889,29.38271388038944,0.0022785537769562797,0.01105703598335375
PP5,0.013549816419327098,4.61146611372993e-05,wesley,0.16407288221152483,303.79097497374494,44.57168500000267,85.0,MS4 ,734780.7638888889,38.840156836444606,0.0022785537769562797,0.01105703598335375
PP5,0.005606001261487513,0.0008157855374677208,wesley,0.322501899097265,85.63650365427091,44.57168500000267,124.0,M8  ,734780.7638888889,44.48868401607194,0.0022785537769562797,0.01105703598335375
PP5,0.002772946029352285,0.0002604821779575812,wesley,0.2475202896487334,259.4347865564391,44.57168500000267,112.0,2SM6,734780.7638888889,29.71164181045051,0.0022785537769562797,0.01105703598335375
PP5,0.00204220170613485,0.00023366513835302324,wesley,0.04178074622151706,81.65382459315704,44.57168500000267,20.0,K1  ,734780.7638888889,31.773106813085253,0.0022785537769562797,0.01105703598335375
PP5,0.0017290120786264502,-7.87619606600758e-05,wesley,0.12252029509970855,355.76437847582787,44.57168500000267,71.0,MK3 ,734780.7638888889,35.384384558779956,0.0022785537769562797,0.01105703598335375
PP5,0.001527149258721027,0.00011764405711909187,wesley,0.03873065444892396,67.28613547218887,44.57168500000267,12.0,O1  ,734780.7638888889,27.1099150438627,0.0022785537769562797,0.01105703598335375
PP5,0.0014395365099774129,-0.00011768834842892559,wesley,0.0028219326628923015,42.72776010251647,44.57168500000267,5.0,MSF ,734780.7638888889,133.70346957112366,0.0022785537769562797,0.01105703598335375
PP5,0.0013706828803181112,-1.7928467235883943e-05,wesley,0.16689481487441715,349.37749288665253,44.57168500000267,88.0,S4  ,734780.7638888889,38.94617833116135,0.0022785537769562797,0.01105703598335375
PP5,0.0009259667259143646,-0.00012042873614833999,wesley,0.11958428833294102,336.33732870125675,44.57168500000267,67.0,MO3 ,734780.7638888889,38.35884471910002,0.0022785537769562797,0.01105703598335375
PP5,0.0007465837010910991,0.00021641014931632091,wesley,0.2031457698740248,228.09282419551857,44.57168500000267,95.0,2MK5,734780.7638888889,36.24622338643133,0.0022785537769562797,0.01105703598335375
PP5,0.0006215031441810543,-1.6776931661482042e-05,wesley,0.12076710100566153,207.2966903991747,44.57168500000267,68.0,M3  ,734780.7638888889,28.712169297679793,0.0022785537769562797,0.01105703598335375
PP5,0.0005938283486200168,2.8097789326305203e-06,wesley,0.283771244648341,210.8733290567475,44.57168500000267,119.0,3MK7,734780.7638888889,27.998147859879765,0.0022785537769562797,0.01105703598335375
PP5,0.0004778017726814705,-2.1583133601967746e-05,wesley,0.12534222776260087,37.251450627663615,44.57168500000267,73.0,SK3 ,734780.7638888889,27.17043922236751,0.0022785537769562797,0.01105703598335375
PP5,0.00033730613728216936,9.124858757189957e-05,wesley,0.08507364441183068,76.44527296962843,44.57168500000267,60.0,ETA2,734780.7638888889,146.3316414243198,0.0022785537769562797,0.01105703598335375
PP5,0.0001979957406624984,2.8067010827155986e-05,wesley,0.20878963519980945,57.55945658614797,44.57168500000267,98.0,2SK5,734780.7638888889,15.934828961988195,0.0022785537769562797,0.01105703598335375
PP5,0.0001987970181537443,-2.0409128768549562e-05,wesley,0.04329289819031363,181.07177769516545,44.57168500000267,24.0,J1  ,734780.7638888889,21.040238677851676,0.0022785537769562797,0.01105703598335375
PP5,0.0001448786304448759,-7.254103088858864e-05,wesley,0.03721850248012738,323.6790398962188,44.57168500000267,10.0,Q1  ,734780.7638888889,46.705439096862854,0.0022785537769562797,0.01105703598335375
PP5,0.00013998201234754522,-2.768807046045321e-05,wesley,0.04026859425272048,36.98614496393919,44.57168500000267,15.0,NO1 ,734780.7638888889,25.435654748440864,0.0022785537769562797,0.01105703598335375
PP5,0.00011347586940740197,-1.8580124741140176e-05,wesley,0.04483083799411016,136.714091379633,44.57168500000267,27.0,OO1 ,734780.7638888889,32.9988314085495,0.0022785537769562797,0.01105703598335375
PP5,6.971087097254513e-05,-1.568038197695439e-05,wesley,0.03570635051133081,89.47510947736392,44.57168500000267,8.0,2Q1 ,734780.7638888889,21.65957584720489,0.0022785537769562797,0.01105703598335375
PP5,5.242782924551059e-05,-1.9828918486586674e-06,wesley,0.046342989962906735,177.49798414736887,44.57168500000267,28.0,UPS1,734780.7638888889,174.53343127751413,0.0022785537769562797,0.01105703598335375
